state,district,soil_type,season,irrigation_available,land_area,climate_zone,label_crop
Gujarat,Vadodara,Sandy,Zaid,0,15.2,Semi-arid,Groundnut
Gujarat,Rajkot,Alluvial,Kharif,1,17.8,Semi-arid,Maize
Karnataka,Bangalore Rural,Clay,Rabi,1,24.8,Semi-arid,Wheat
Karnataka,Gulbarga,Laterite,Kharif,1,15.5,Semi-arid,Groundnut
Gujarat,Rajkot,Laterite,Zaid,0,11.9,Semi-arid,Groundnut
Gujarat,Junagadh,Black,Zaid,1,23.6,Arid,Sunflower
Karnataka,Belgaum,Red,Kharif,1,6.4,Semi-arid,Groundnut
Maharashtra,Solapur,Loamy,Zaid,0,6.8,Arid,Sunflower
Karnataka,Hubli,Laterite,Rabi,1,21.1,Semi-arid,Gram
Karnataka,Bangalore Rural,Clay,Zaid,0,2.7,Semi-arid,Groundnut
Maharashtra,Satara,Sandy,Kharif,1,20.8,Humid,Groundnut
Maharashtra,Pune,Sandy,Zaid,1,0.9,Semi-arid,Groundnut
Maharashtra,Nagpur,Loamy,Zaid,1,17.9,Sub-humid,Sunflower
Gujarat,Junagadh,Red,Zaid,1,22.9,Arid,Sunflower
Karnataka,Belgaum,Loamy,Zaid,1,16.8,Semi-arid,Sunflower
Karnataka,Mysore,Alluvial,Kharif,1,24.3,Humid,Rice
Maharashtra,Nashik,Loamy,Zaid,1,1.5,Semi-arid,Sunflower
Karnataka,Hubli,Laterite,Kharif,1,22.4,Semi-arid,Groundnut
Maharashtra,Solapur,Laterite,Rabi,1,15.3,Arid,Onion
Maharashtra,Nagpur,Sandy,Zaid,1,4.4,Sub-humid,Groundnut
Maharashtra,Satara,Black,Kharif,0,20.2,Humid,Cotton
Karnataka,Mysore,Red,Zaid,0,8.3,Humid,Groundnut
Maharashtra,Aurangabad,Clay,Kharif,0,21.6,Semi-arid,Rice
Gujarat,Ahmedabad,Clay,Kharif,1,7.1,Arid,Rice
Gujarat,Ahmedabad,Laterite,Kharif,1,6.7,Arid,Groundnut
Gujarat,Surat,Alluvial,Kharif,1,24.9,Humid,Maize
Karnataka,Hubli,Laterite,Rabi,1,9.0,Semi-arid,Onion
Karnataka,Hubli,Sandy,Rabi,0,6.4,Semi-arid,Onion
Gujarat,Rajkot,Black,Zaid,0,12.0,Semi-arid,Sunflower
Karnataka,Mysore,Loamy,Kharif,1,13.0,Humid,Sunflower
Gujarat,Vadodara,Laterite,Zaid,1,17.9,Semi-arid,Groundnut
Gujarat,Vadodara,Black,Kharif,1,13.2,Semi-arid,Jowar
Gujarat,Vadodara,Black,Kharif,1,13.8,Semi-arid,Soybean
Gujarat,Vadodara,Red,Kharif,1,6.9,Semi-arid,Tur
Karnataka,Bangalore Rural,Sandy,Kharif,0,5.1,Semi-arid,Groundnut
Gujarat,Rajkot,Laterite,Rabi,0,16.2,Semi-arid,Sunflower
Karnataka,Bangalore Rural,Clay,Zaid,1,23.5,Semi-arid,Onion
Karnataka,Hubli,Red,Rabi,1,24.9,Semi-arid,Sunflower
Maharashtra,Satara,Sandy,Zaid,0,8.0,Humid,Groundnut
Gujarat,Rajkot,Clay,Zaid,1,15.0,Semi-arid,Onion
Gujarat,Rajkot,Alluvial,Rabi,1,16.3,Semi-arid,Wheat
Maharashtra,Kolhapur,Laterite,Kharif,1,14.5,Humid,Tur
Maharashtra,Nagpur,Laterite,Rabi,0,22.9,Sub-humid,Gram
Maharashtra,Kolhapur,Sandy,Kharif,1,14.5,Humid,Groundnut
Gujarat,Junagadh,Sandy,Zaid,1,12.4,Arid,Groundnut
Karnataka,Hubli,Alluvial,Rabi,1,15.6,Semi-arid,Wheat
Karnataka,Mysore,Red,Rabi,1,21.3,Humid,Sunflower
Karnataka,Gulbarga,Red,Zaid,1,6.8,Semi-arid,Maize
Karnataka,Belgaum,Laterite,Kharif,1,2.2,Semi-arid,Groundnut
Karnataka,Bangalore Rural,Alluvial,Zaid,1,14.7,Semi-arid,Maize
Gujarat,Rajkot,Black,Rabi,1,7.5,Semi-arid,Gram
Karnataka,Belgaum,Laterite,Rabi,0,9.3,Semi-arid,Sunflower
Maharashtra,Solapur,Sandy,Kharif,1,21.1,Arid,Groundnut
Karnataka,Mysore,Loamy,Kharif,0,18.0,Humid,Maize
Gujarat,Rajkot,Laterite,Rabi,1,1.1,Semi-arid,Wheat
Gujarat,Ahmedabad,Laterite,Kharif,1,22.9,Arid,Groundnut
Karnataka,Belgaum,Sandy,Kharif,1,13.2,Semi-arid,Groundnut
Maharashtra,Satara,Sandy,Zaid,1,14.4,Humid,Groundnut
Karnataka,Belgaum,Sandy,Rabi,1,2.8,Semi-arid,Gram
Karnataka,Bangalore Rural,Sandy,Rabi,0,20.3,Semi-arid,Gram
Karnataka,Gulbarga,Loamy,Rabi,1,16.1,Semi-arid,Sunflower
Gujarat,Surat,Red,Zaid,1,21.5,Humid,Maize
Gujarat,Surat,Black,Zaid,0,17.1,Humid,Sunflower
Maharashtra,Pune,Sandy,Zaid,0,15.8,Semi-arid,Groundnut
Karnataka,Mysore,Laterite,Kharif,1,3.0,Humid,Groundnut
Gujarat,Surat,Alluvial,Zaid,1,8.3,Humid,Onion
Karnataka,Hubli,Alluvial,Kharif,1,17.5,Semi-arid,Maize
Gujarat,Junagadh,Laterite,Kharif,0,7.4,Arid,Groundnut
Maharashtra,Solapur,Alluvial,Kharif,0,3.6,Arid,Maize
Gujarat,Junagadh,Laterite,Kharif,1,18.6,Arid,Groundnut
Karnataka,Belgaum,Black,Rabi,1,10.0,Semi-arid,Sunflower
Gujarat,Ahmedabad,Laterite,Kharif,0,2.7,Arid,Groundnut
Karnataka,Bangalore Rural,Alluvial,Rabi,1,11.5,Semi-arid,Gram
Maharashtra,Nagpur,Alluvial,Kharif,0,19.9,Sub-humid,Rice
Maharashtra,Kolhapur,Red,Rabi,1,14.0,Humid,Sunflower
Gujarat,Junagadh,Alluvial,Zaid,1,4.0,Arid,Onion
Maharashtra,Kolhapur,Clay,Zaid,1,6.0,Humid,Maize
Gujarat,Surat,Red,Kharif,1,6.2,Humid,Jowar
Maharashtra,Pune,Clay,Kharif,0,24.7,Semi-arid,Rice
Karnataka,Bangalore Rural,Loamy,Zaid,0,14.2,Semi-arid,Maize
Karnataka,Mysore,Loamy,Rabi,1,0.8,Humid,Gram
Karnataka,Bangalore Rural,Laterite,Kharif,0,18.7,Semi-arid,Tur
Karnataka,Belgaum,Loamy,Kharif,1,13.4,Semi-arid,Cotton
Karnataka,Bangalore Rural,Sandy,Kharif,1,22.3,Semi-arid,Groundnut
Gujarat,Vadodara,Sandy,Zaid,1,2.3,Semi-arid,Groundnut
Maharashtra,Satara,Loamy,Zaid,0,17.6,Humid,Maize
Gujarat,Ahmedabad,Alluvial,Rabi,0,22.3,Arid,Onion
Maharashtra,Solapur,Red,Rabi,1,6.1,Arid,Sunflower
Maharashtra,Pune,Laterite,Zaid,1,13.6,Semi-arid,Groundnut
Maharashtra,Nagpur,Sandy,Kharif,0,20.7,Sub-humid,Groundnut
Maharashtra,Ahmednagar,Black,Rabi,1,22.0,Semi-arid,Gram
Maharashtra,Ahmednagar,Black,Rabi,0,24.7,Semi-arid,Sunflower
Maharashtra,Nashik,Loamy,Kharif,0,21.1,Semi-arid,Soybean
Karnataka,Belgaum,Alluvial,Zaid,1,1.9,Semi-arid,Onion
Maharashtra,Kolhapur,Loamy,Kharif,0,14.1,Humid,Soybean
Maharashtra,Nashik,Red,Zaid,1,11.5,Semi-arid,Groundnut
Gujarat,Junagadh,Sandy,Rabi,0,19.0,Arid,Sunflower
Gujarat,Surat,Red,Rabi,1,20.9,Humid,Sunflower
Maharashtra,Satara,Laterite,Kharif,1,19.9,Humid,Tur
Gujarat,Junagadh,Sandy,Rabi,0,5.7,Arid,Sunflower
Karnataka,Hubli,Red,Rabi,1,11.2,Semi-arid,Sunflower
Maharashtra,Satara,Black,Zaid,1,15.7,Humid,Sunflower
Maharashtra,Kolhapur,Laterite,Rabi,0,12.6,Humid,Gram
Maharashtra,Nashik,Clay,Kharif,1,5.6,Semi-arid,Rice
Gujarat,Rajkot,Loamy,Kharif,1,14.8,Semi-arid,Cotton
Maharashtra,Aurangabad,Alluvial,Zaid,1,4.7,Semi-arid,Maize
Gujarat,Junagadh,Sandy,Rabi,1,4.8,Arid,Sunflower
Maharashtra,Kolhapur,Black,Rabi,0,3.7,Humid,Gram
Gujarat,Ahmedabad,Red,Kharif,1,17.4,Arid,Jowar
Gujarat,Junagadh,Black,Rabi,0,2.6,Arid,Gram
Gujarat,Surat,Laterite,Zaid,1,18.2,Humid,Groundnut
Gujarat,Rajkot,Loamy,Zaid,0,13.0,Semi-arid,Sunflower
Maharashtra,Nashik,Red,Rabi,1,6.4,Semi-arid,Sunflower
Maharashtra,Nagpur,Red,Zaid,1,5.7,Sub-humid,Groundnut
Maharashtra,Pune,Sandy,Kharif,1,19.8,Semi-arid,Groundnut
Gujarat,Vadodara,Loamy,Rabi,1,18.8,Semi-arid,Gram
Gujarat,Surat,Black,Kharif,1,16.3,Humid,Soybean
Gujarat,Junagadh,Clay,Kharif,0,0.7,Arid,Rice
Karnataka,Bangalore Rural,Clay,Zaid,1,20.2,Semi-arid,Groundnut
Maharashtra,Ahmednagar,Alluvial,Zaid,1,17.6,Semi-arid,Onion
Karnataka,Hubli,Laterite,Zaid,0,20.5,Semi-arid,Groundnut
Karnataka,Mysore,Clay,Kharif,0,13.6,Humid,Rice
Maharashtra,Nagpur,Sandy,Rabi,0,17.9,Sub-humid,Sunflower
Maharashtra,Nagpur,Loamy,Kharif,1,7.6,Sub-humid,Sunflower
Gujarat,Vadodara,Sandy,Zaid,1,9.5,Semi-arid,Groundnut
Maharashtra,Ahmednagar,Red,Rabi,1,20.3,Semi-arid,Sunflower
Maharashtra,Pune,Black,Kharif,1,12.1,Semi-arid,Sunflower
Karnataka,Belgaum,Sandy,Rabi,0,10.5,Semi-arid,Wheat
Gujarat,Ahmedabad,Red,Zaid,1,18.7,Arid,Maize
Maharashtra,Solapur,Alluvial,Kharif,0,20.1,Arid,Rice
Maharashtra,Kolhapur,Alluvial,Zaid,1,22.7,Humid,Maize
Karnataka,Belgaum,Red,Zaid,0,22.5,Semi-arid,Maize
Maharashtra,Ahmednagar,Loamy,Zaid,1,9.2,Semi-arid,Maize
Karnataka,Gulbarga,Alluvial,Zaid,1,23.5,Semi-arid,Onion
Karnataka,Bangalore Rural,Loamy,Zaid,1,13.6,Semi-arid,Sunflower
Maharashtra,Satara,Black,Kharif,0,19.6,Humid,Cotton
Karnataka,Hubli,Red,Kharif,0,8.9,Semi-arid,Groundnut
Gujarat,Vadodara,Sandy,Zaid,0,4.2,Semi-arid,Groundnut
Maharashtra,Nashik,Alluvial,Zaid,1,14.4,Semi-arid,Onion
Gujarat,Junagadh,Laterite,Zaid,0,8.9,Arid,Groundnut
Gujarat,Surat,Clay,Zaid,1,14.9,Humid,Sunflower
Maharashtra,Pune,Loamy,Zaid,0,14.3,Semi-arid,Sunflower
Maharashtra,Solapur,Loamy,Rabi,0,9.7,Arid,Sunflower
Gujarat,Junagadh,Clay,Kharif,0,11.5,Arid,Rice
Maharashtra,Nashik,Clay,Rabi,0,8.6,Semi-arid,Gram
Gujarat,Junagadh,Loamy,Kharif,0,5.5,Arid,Soybean
Karnataka,Belgaum,Alluvial,Zaid,1,21.7,Semi-arid,Onion
Gujarat,Surat,Alluvial,Rabi,0,14.9,Humid,Gram
Gujarat,Rajkot,Clay,Kharif,1,10.8,Semi-arid,Rice
Maharashtra,Kolhapur,Loamy,Zaid,1,0.8,Humid,Sunflower
Gujarat,Ahmedabad,Laterite,Kharif,1,10.7,Arid,Groundnut
Maharashtra,Solapur,Black,Zaid,1,2.1,Arid,Sunflower
Gujarat,Rajkot,Clay,Rabi,1,1.4,Semi-arid,Gram
Gujarat,Surat,Black,Rabi,0,13.4,Humid,Gram
Maharashtra,Nashik,Clay,Rabi,0,3.0,Semi-arid,Gram
Gujarat,Rajkot,Red,Rabi,0,13.4,Semi-arid,Sunflower
Gujarat,Vadodara,Red,Zaid,1,1.2,Semi-arid,Groundnut
Gujarat,Rajkot,Loamy,Kharif,1,8.8,Semi-arid,Sunflower
Gujarat,Ahmedabad,Laterite,Zaid,0,20.2,Arid,Groundnut
Karnataka,Mysore,Laterite,Kharif,1,10.5,Humid,Groundnut
Karnataka,Hubli,Loamy,Kharif,1,1.2,Semi-arid,Maize
Maharashtra,Nagpur,Red,Rabi,0,15.8,Sub-humid,Sunflower
Gujarat,Surat,Alluvial,Zaid,1,20.9,Humid,Maize
Karnataka,Belgaum,Red,Kharif,1,23.7,Semi-arid,Groundnut
Maharashtra,Nashik,Clay,Zaid,0,20.1,Semi-arid,Maize
Gujarat,Ahmedabad,Clay,Kharif,1,16.0,Arid,Rice
Karnataka,Mysore,Clay,Rabi,1,4.7,Humid,Gram
Gujarat,Surat,Sandy,Rabi,1,7.2,Humid,Onion
Maharashtra,Satara,Red,Zaid,1,3.9,Humid,Groundnut
Gujarat,Rajkot,Red,Kharif,1,4.8,Semi-arid,Tur
Karnataka,Gulbarga,Laterite,Rabi,1,1.7,Semi-arid,Sunflower
Gujarat,Ahmedabad,Alluvial,Kharif,1,6.5,Arid,Maize
Gujarat,Vadodara,Black,Zaid,1,14.4,Semi-arid,Sunflower
Gujarat,Junagadh,Black,Rabi,1,6.9,Arid,Gram
Gujarat,Ahmedabad,Clay,Zaid,1,8.7,Arid,Onion
Maharashtra,Pune,Black,Kharif,1,17.8,Semi-arid,Soybean
Maharashtra,Ahmednagar,Alluvial,Zaid,1,0.6,Semi-arid,Onion
Karnataka,Hubli,Laterite,Zaid,1,20.3,Semi-arid,Groundnut
Maharashtra,Nashik,Black,Zaid,1,2.6,Semi-arid,Sunflower
Gujarat,Junagadh,Black,Zaid,0,16.1,Arid,Sunflower
Karnataka,Belgaum,Laterite,Zaid,1,1.8,Semi-arid,Groundnut
Karnataka,Belgaum,Loamy,Rabi,1,22.9,Semi-arid,Sunflower
Maharashtra,Ahmednagar,Black,Zaid,0,24.3,Semi-arid,Sunflower
Karnataka,Bangalore Rural,Loamy,Zaid,1,20.8,Semi-arid,Maize
Gujarat,Rajkot,Laterite,Kharif,1,17.6,Semi-arid,Groundnut
Gujarat,Vadodara,Loamy,Zaid,0,13.7,Semi-arid,Sunflower
Maharashtra,Nashik,Black,Kharif,1,6.2,Semi-arid,Cotton
Karnataka,Hubli,Clay,Zaid,0,13.5,Semi-arid,Onion
Gujarat,Rajkot,Loamy,Rabi,1,19.3,Semi-arid,Gram
Maharashtra,Nagpur,Black,Zaid,1,2.7,Sub-humid,Sunflower
Maharashtra,Pune,Clay,Kharif,1,9.2,Semi-arid,Rice
Karnataka,Gulbarga,Black,Kharif,0,1.6,Semi-arid,Cotton
Maharashtra,Solapur,Laterite,Zaid,0,19.8,Arid,Groundnut
Karnataka,Mysore,Clay,Kharif,0,18.7,Humid,Rice
Maharashtra,Ahmednagar,Clay,Kharif,0,3.4,Semi-arid,Rice
Maharashtra,Nashik,Black,Kharif,0,20.7,Semi-arid,Jowar
Karnataka,Belgaum,Black,Zaid,1,13.4,Semi-arid,Sunflower
Gujarat,Surat,Red,Rabi,0,22.5,Humid,Sunflower
Maharashtra,Solapur,Sandy,Zaid,1,22.4,Arid,Groundnut
Gujarat,Ahmedabad,Alluvial,Zaid,1,22.3,Arid,Onion
Karnataka,Belgaum,Loamy,Kharif,1,2.6,Semi-arid,Cotton
Gujarat,Rajkot,Sandy,Rabi,1,24.1,Semi-arid,Sunflower
Maharashtra,Kolhapur,Black,Rabi,1,12.3,Humid,Gram
Karnataka,Mysore,Red,Zaid,0,18.5,Humid,Maize
Maharashtra,Aurangabad,Alluvial,Kharif,1,6.3,Semi-arid,Rice
Gujarat,Rajkot,Clay,Zaid,0,24.1,Semi-arid,Maize
Gujarat,Surat,Red,Zaid,1,22.8,Humid,Groundnut
Karnataka,Gulbarga,Sandy,Zaid,1,2.6,Semi-arid,Groundnut
Maharashtra,Pune,Loamy,Rabi,1,13.7,Semi-arid,Wheat
Karnataka,Mysore,Clay,Zaid,1,24.1,Humid,Maize
Gujarat,Junagadh,Sandy,Rabi,0,17.4,Arid,Sunflower
Gujarat,Ahmedabad,Laterite,Rabi,0,12.1,Arid,Sunflower
Gujarat,Surat,Red,Rabi,0,24.2,Humid,Sunflower
Gujarat,Vadodara,Sandy,Zaid,1,20.6,Semi-arid,Groundnut
Gujarat,Rajkot,Red,Zaid,1,7.2,Semi-arid,Sunflower
Maharashtra,Aurangabad,Sandy,Kharif,1,20.0,Semi-arid,Groundnut
Karnataka,Bangalore Rural,Clay,Zaid,1,23.8,Semi-arid,Groundnut
Maharashtra,Kolhapur,Loamy,Kharif,1,10.2,Humid,Cotton
Gujarat,Rajkot,Black,Rabi,0,6.1,Semi-arid,Sunflower
Maharashtra,Pune,Laterite,Rabi,0,12.1,Semi-arid,Wheat
Karnataka,Belgaum,Black,Kharif,0,19.4,Semi-arid,Jowar
Gujarat,Rajkot,Sandy,Kharif,0,24.2,Semi-arid,Groundnut
Gujarat,Ahmedabad,Clay,Rabi,1,15.4,Arid,Gram
Maharashtra,Satara,Black,Zaid,1,8.5,Humid,Sunflower
Gujarat,Junagadh,Black,Kharif,1,10.1,Arid,Sunflower
Gujarat,Rajkot,Sandy,Kharif,0,19.6,Semi-arid,Groundnut
Karnataka,Mysore,Black,Kharif,1,14.5,Humid,Cotton
Karnataka,Bangalore Rural,Laterite,Kharif,1,0.7,Semi-arid,Groundnut
Karnataka,Belgaum,Black,Kharif,1,1.3,Semi-arid,Cotton
Karnataka,Hubli,Clay,Zaid,1,17.5,Semi-arid,Onion
Karnataka,Bangalore Rural,Black,Zaid,1,22.5,Semi-arid,Sunflower
Maharashtra,Ahmednagar,Loamy,Kharif,0,21.8,Semi-arid,Sunflower
Karnataka,Bangalore Rural,Clay,Zaid,0,2.5,Semi-arid,Onion
Karnataka,Hubli,Clay,Rabi,1,1.5,Semi-arid,Gram
Karnataka,Mysore,Red,Rabi,1,16.4,Humid,Sunflower
Gujarat,Surat,Alluvial,Zaid,1,18.7,Humid,Onion
Maharashtra,Ahmednagar,Alluvial,Rabi,1,16.5,Semi-arid,Gram
Maharashtra,Aurangabad,Alluvial,Rabi,1,5.9,Semi-arid,Onion
Gujarat,Ahmedabad,Loamy,Kharif,0,18.3,Arid,Sunflower
Maharashtra,Nagpur,Laterite,Rabi,0,1.5,Sub-humid,Wheat
Maharashtra,Nagpur,Red,Kharif,1,15.4,Sub-humid,Jowar
Karnataka,Hubli,Alluvial,Zaid,1,9.3,Semi-arid,Maize
Karnataka,Gulbarga,Loamy,Kharif,1,18.0,Semi-arid,Soybean
Gujarat,Surat,Laterite,Rabi,0,4.9,Humid,Wheat
Maharashtra,Pune,Clay,Rabi,0,11.4,Semi-arid,Gram
Maharashtra,Nagpur,Red,Zaid,1,10.1,Sub-humid,Sunflower
Karnataka,Mysore,Sandy,Kharif,1,19.5,Humid,Groundnut
Maharashtra,Ahmednagar,Loamy,Zaid,1,2.3,Semi-arid,Maize
Karnataka,Gulbarga,Red,Rabi,1,11.5,Semi-arid,Sunflower
Maharashtra,Pune,Clay,Kharif,1,9.2,Semi-arid,Rice
Maharashtra,Pune,Laterite,Zaid,0,5.5,Semi-arid,Groundnut
Karnataka,Hubli,Black,Zaid,1,1.8,Semi-arid,Sunflower
Gujarat,Junagadh,Sandy,Zaid,1,12.9,Arid,Groundnut
Karnataka,Bangalore Rural,Sandy,Rabi,0,0.6,Semi-arid,Wheat
Karnataka,Gulbarga,Black,Zaid,1,13.1,Semi-arid,Sunflower
Karnataka,Bangalore Rural,Loamy,Rabi,1,17.8,Semi-arid,Sunflower
Gujarat,Surat,Sandy,Kharif,0,4.3,Humid,Groundnut
Gujarat,Surat,Black,Zaid,0,9.7,Humid,Sunflower
Karnataka,Belgaum,Red,Zaid,1,1.2,Semi-arid,Sunflower
Karnataka,Bangalore Rural,Black,Kharif,1,16.6,Semi-arid,Sunflower
Maharashtra,Pune,Red,Rabi,1,25.0,Semi-arid,Sunflower
Maharashtra,Pune,Black,Kharif,0,19.7,Semi-arid,Soybean
Maharashtra,Aurangabad,Laterite,Rabi,1,8.5,Semi-arid,Onion
Karnataka,Hubli,Red,Kharif,0,11.2,Semi-arid,Groundnut
Karnataka,Belgaum,Sandy,Zaid,1,15.4,Semi-arid,Groundnut
Gujarat,Vadodara,Sandy,Kharif,1,13.9,Semi-arid,Groundnut
Karnataka,Hubli,Alluvial,Zaid,1,16.2,Semi-arid,Onion
Maharashtra,Aurangabad,Sandy,Rabi,0,21.3,Semi-arid,Wheat
Maharashtra,Nashik,Black,Kharif,1,14.7,Semi-arid,Soybean
Gujarat,Rajkot,Loamy,Rabi,0,18.0,Semi-arid,Gram
Maharashtra,Ahmednagar,Alluvial,Zaid,0,2.2,Semi-arid,Onion
Gujarat,Rajkot,Loamy,Kharif,1,5.3,Semi-arid,Maize
Maharashtra,Nagpur,Clay,Zaid,0,13.5,Sub-humid,Sunflower
Karnataka,Bangalore Rural,Clay,Rabi,1,24.4,Semi-arid,Wheat
Karnataka,Mysore,Loamy,Zaid,0,20.1,Humid,Maize
Gujarat,Ahmedabad,Red,Kharif,1,24.1,Arid,Sunflower
Gujarat,Ahmedabad,Laterite,Kharif,1,23.8,Arid,Tur
Karnataka,Gulbarga,Clay,Kharif,0,16.3,Semi-arid,Rice
Maharashtra,Kolhapur,Red,Kharif,1,19.6,Humid,Maize
Gujarat,Vadodara,Laterite,Zaid,1,2.8,Semi-arid,Groundnut
Maharashtra,Ahmednagar,Red,Kharif,1,18.6,Semi-arid,Tur
Gujarat,Junagadh,Black,Rabi,1,16.2,Arid,Gram
Gujarat,Surat,Black,Rabi,1,1.9,Humid,Sunflower
Gujarat,Junagadh,Red,Zaid,1,11.4,Arid,Sunflower
Gujarat,Vadodara,Clay,Zaid,1,8.8,Semi-arid,Onion
Maharashtra,Satara,Laterite,Kharif,0,5.2,Humid,Groundnut
Gujarat,Ahmedabad,Loamy,Kharif,1,2.2,Arid,Soybean
Gujarat,Junagadh,Clay,Rabi,1,6.2,Arid,Gram
Karnataka,Hubli,Loamy,Rabi,1,24.9,Semi-arid,Gram
Karnataka,Bangalore Rural,Red,Kharif,1,17.4,Semi-arid,Maize
Karnataka,Belgaum,Loamy,Kharif,1,24.5,Semi-arid,Cotton
Karnataka,Gulbarga,Loamy,Zaid,1,24.8,Semi-arid,Sunflower
Maharashtra,Pune,Clay,Kharif,1,6.8,Semi-arid,Rice
Maharashtra,Kolhapur,Laterite,Rabi,1,2.0,Humid,Sunflower
Gujarat,Surat,Sandy,Rabi,1,9.0,Humid,Sunflower
Maharashtra,Aurangabad,Alluvial,Rabi,1,15.2,Semi-arid,Onion
Gujarat,Rajkot,Loamy,Rabi,1,10.1,Semi-arid,Gram
Maharashtra,Nashik,Clay,Rabi,1,17.0,Semi-arid,Wheat
Karnataka,Mysore,Loamy,Rabi,1,10.4,Humid,Sunflower
Karnataka,Mysore,Red,Rabi,0,16.2,Humid,Sunflower
Maharashtra,Kolhapur,Clay,Kharif,0,12.4,Humid,Rice
Karnataka,Gulbarga,Laterite,Zaid,0,20.7,Semi-arid,Groundnut
Karnataka,Gulbarga,Red,Kharif,1,2.5,Semi-arid,Groundnut
Maharashtra,Ahmednagar,Clay,Rabi,1,21.4,Semi-arid,Gram
Gujarat,Surat,Laterite,Zaid,1,2.0,Humid,Groundnut
Karnataka,Belgaum,Red,Rabi,0,1.9,Semi-arid,Sunflower
Maharashtra,Ahmednagar,Alluvial,Kharif,1,3.5,Semi-arid,Maize
Gujarat,Vadodara,Black,Zaid,1,6.2,Semi-arid,Sunflower
Maharashtra,Nagpur,Laterite,Rabi,1,3.7,Sub-humid,Wheat
Karnataka,Gulbarga,Alluvial,Zaid,1,12.3,Semi-arid,Maize
Maharashtra,Satara,Sandy,Rabi,1,3.8,Humid,Gram
Karnataka,Gulbarga,Red,Zaid,1,13.6,Semi-arid,Groundnut
Maharashtra,Nashik,Red,Kharif,0,20.1,Semi-arid,Tur
Maharashtra,Aurangabad,Black,Zaid,1,21.2,Semi-arid,Sunflower
Karnataka,Bangalore Rural,Red,Rabi,1,9.7,Semi-arid,Sunflower
Karnataka,Hubli,Sandy,Rabi,0,23.9,Semi-arid,Wheat
Maharashtra,Pune,Black,Rabi,1,6.7,Semi-arid,Wheat
Karnataka,Bangalore Rural,Sandy,Zaid,1,10.0,Semi-arid,Groundnut
Maharashtra,Ahmednagar,Black,Zaid,1,4.2,Semi-arid,Sunflower
Maharashtra,Ahmednagar,Sandy,Kharif,1,18.8,Semi-arid,Groundnut
Gujarat,Rajkot,Black,Kharif,1,10.0,Semi-arid,Sunflower
Gujarat,Vadodara,Loamy,Zaid,1,5.0,Semi-arid,Maize
Maharashtra,Kolhapur,Clay,Rabi,0,7.0,Humid,Gram
Maharashtra,Ahmednagar,Black,Kharif,1,5.5,Semi-arid,Cotton
Karnataka,Bangalore Rural,Clay,Kharif,1,13.5,Semi-arid,Rice
Karnataka,Hubli,Sandy,Zaid,0,15.2,Semi-arid,Groundnut
Gujarat,Vadodara,Red,Zaid,1,3.2,Semi-arid,Maize
Maharashtra,Pune,Alluvial,Rabi,1,15.5,Semi-arid,Wheat
Karnataka,Bangalore Rural,Sandy,Zaid,0,16.3,Semi-arid,Groundnut
Karnataka,Belgaum,Laterite,Kharif,1,16.1,Semi-arid,Groundnut
Karnataka,Bangalore Rural,Alluvial,Rabi,0,7.1,Semi-arid,Onion
Maharashtra,Nashik,Red,Kharif,1,2.8,Semi-arid,Tur
Gujarat,Rajkot,Loamy,Kharif,1,19.1,Semi-arid,Sunflower
Gujarat,Rajkot,Loamy,Kharif,1,14.6,Semi-arid,Soybean
Maharashtra,Ahmednagar,Red,Rabi,1,6.5,Semi-arid,Sunflower
Maharashtra,Nagpur,Alluvial,Rabi,1,8.1,Sub-humid,Wheat
Karnataka,Mysore,Alluvial,Rabi,1,19.7,Humid,Onion
Karnataka,Hubli,Red,Rabi,1,18.8,Semi-arid,Sunflower
Karnataka,Gulbarga,Black,Zaid,0,21.1,Semi-arid,Sunflower
Gujarat,Junagadh,Red,Zaid,1,18.2,Arid,Sunflower
Gujarat,Surat,Sandy,Rabi,1,17.5,Humid,Sunflower
Karnataka,Bangalore Rural,Laterite,Kharif,1,10.4,Semi-arid,Tur
Maharashtra,Satara,Alluvial,Kharif,1,14.3,Humid,Rice
Karnataka,Hubli,Clay,Rabi,1,1.1,Semi-arid,Gram
Gujarat,Rajkot,Clay,Kharif,0,24.6,Semi-arid,Rice
Gujarat,Junagadh,Laterite,Rabi,1,11.1,Arid,Sunflower
Maharashtra,Aurangabad,Laterite,Zaid,0,18.5,Semi-arid,Groundnut
Maharashtra,Pune,Clay,Zaid,1,10.5,Semi-arid,Onion
Gujarat,Ahmedabad,Red,Kharif,1,9.4,Arid,Maize
Maharashtra,Aurangabad,Black,Rabi,0,7.2,Semi-arid,Gram
Maharashtra,Aurangabad,Sandy,Zaid,1,11.0,Semi-arid,Groundnut
Maharashtra,Solapur,Sandy,Kharif,1,23.5,Arid,Groundnut
Karnataka,Bangalore Rural,Clay,Zaid,0,22.8,Semi-arid,Onion
Karnataka,Belgaum,Clay,Rabi,1,3.8,Semi-arid,Wheat
Maharashtra,Nagpur,Sandy,Rabi,1,1.6,Sub-humid,Sunflower
Gujarat,Rajkot,Loamy,Rabi,1,7.2,Semi-arid,Wheat
Karnataka,Belgaum,Sandy,Rabi,1,12.4,Semi-arid,Sunflower
Karnataka,Hubli,Alluvial,Kharif,1,8.2,Semi-arid,Rice
Karnataka,Hubli,Alluvial,Zaid,0,10.1,Semi-arid,Onion
Karnataka,Belgaum,Sandy,Rabi,0,4.1,Semi-arid,Onion
Maharashtra,Solapur,Black,Zaid,1,23.7,Arid,Sunflower
Maharashtra,Pune,Black,Rabi,0,10.7,Semi-arid,Sunflower
Karnataka,Belgaum,Black,Kharif,1,10.4,Semi-arid,Soybean
Gujarat,Ahmedabad,Black,Rabi,1,11.7,Arid,Gram
Maharashtra,Kolhapur,Red,Rabi,0,16.9,Humid,Sunflower
Gujarat,Junagadh,Loamy,Rabi,1,19.8,Arid,Sunflower
Gujarat,Surat,Alluvial,Zaid,0,5.4,Humid,Maize
Karnataka,Bangalore Rural,Clay,Rabi,1,3.6,Semi-arid,Wheat
Karnataka,Mysore,Sandy,Kharif,1,18.9,Humid,Groundnut
Karnataka,Belgaum,Clay,Zaid,0,13.7,Semi-arid,Maize
Karnataka,Bangalore Rural,Loamy,Kharif,1,2.8,Semi-arid,Cotton
Gujarat,Vadodara,Red,Kharif,1,16.0,Semi-arid,Groundnut
Gujarat,Surat,Red,Rabi,0,8.3,Humid,Sunflower
Gujarat,Rajkot,Red,Zaid,0,3.9,Semi-arid,Groundnut
Maharashtra,Solapur,Laterite,Zaid,1,20.1,Arid,Groundnut
Gujarat,Ahmedabad,Laterite,Zaid,1,24.2,Arid,Groundnut
Gujarat,Junagadh,Sandy,Rabi,1,4.6,Arid,Wheat
Gujarat,Rajkot,Loamy,Zaid,1,2.8,Semi-arid,Maize
Karnataka,Hubli,Clay,Rabi,0,5.1,Semi-arid,Wheat
Karnataka,Hubli,Clay,Zaid,0,24.7,Semi-arid,Onion
Maharashtra,Kolhapur,Red,Rabi,0,8.7,Humid,Sunflower
Maharashtra,Nagpur,Red,Rabi,0,10.8,Sub-humid,Sunflower
Gujarat,Surat,Red,Zaid,1,15.7,Humid,Maize
Maharashtra,Nagpur,Alluvial,Rabi,0,16.0,Sub-humid,Gram
Karnataka,Hubli,Alluvial,Zaid,1,21.5,Semi-arid,Maize
Gujarat,Rajkot,Laterite,Rabi,1,8.0,Semi-arid,Sunflower
Gujarat,Ahmedabad,Sandy,Kharif,1,23.5,Arid,Groundnut
Gujarat,Ahmedabad,Alluvial,Kharif,0,16.4,Arid,Rice
Gujarat,Rajkot,Alluvial,Rabi,1,11.8,Semi-arid,Wheat
Karnataka,Mysore,Alluvial,Rabi,0,12.2,Humid,Gram
Karnataka,Hubli,Clay,Zaid,1,17.8,Semi-arid,Onion
Gujarat,Surat,Alluvial,Kharif,0,24.6,Humid,Rice
Maharashtra,Aurangabad,Laterite,Zaid,1,16.1,Semi-arid,Groundnut
Karnataka,Gulbarga,Sandy,Kharif,1,0.8,Semi-arid,Groundnut
Maharashtra,Satara,Alluvial,Kharif,1,7.8,Humid,Rice
Gujarat,Vadodara,Laterite,Rabi,1,15.0,Semi-arid,Wheat
Gujarat,Junagadh,Clay,Kharif,1,11.0,Arid,Rice
Karnataka,Hubli,Sandy,Zaid,1,6.7,Semi-arid,Groundnut
Maharashtra,Kolhapur,Sandy,Kharif,0,16.9,Humid,Groundnut
Maharashtra,Solapur,Sandy,Zaid,1,8.3,Arid,Groundnut
Gujarat,Ahmedabad,Alluvial,Rabi,1,4.7,Arid,Wheat
Karnataka,Bangalore Rural,Black,Kharif,1,17.1,Semi-arid,Cotton
Karnataka,Bangalore Rural,Sandy,Zaid,1,23.8,Semi-arid,Groundnut
Gujarat,Ahmedabad,Black,Zaid,1,22.3,Arid,Sunflower
Maharashtra,Nagpur,Clay,Rabi,0,6.4,Sub-humid,Gram
Maharashtra,Kolhapur,Sandy,Kharif,1,12.0,Humid,Groundnut
Maharashtra,Kolhapur,Sandy,Rabi,0,1.7,Humid,Wheat
Maharashtra,Nashik,Loamy,Kharif,1,5.9,Semi-arid,Cotton
Karnataka,Belgaum,Black,Kharif,1,20.5,Semi-arid,Soybean
Gujarat,Ahmedabad,Loamy,Kharif,1,1.6,Arid,Cotton
Gujarat,Junagadh,Black,Zaid,1,22.7,Arid,Sunflower
Maharashtra,Solapur,Black,Kharif,0,23.9,Arid,Jowar
Maharashtra,Aurangabad,Clay,Zaid,0,20.8,Semi-arid,Groundnut
Karnataka,Hubli,Red,Rabi,0,16.7,Semi-arid,Sunflower
Gujarat,Vadodara,Laterite,Kharif,1,2.5,Semi-arid,Groundnut
Gujarat,Surat,Loamy,Kharif,1,9.4,Humid,Sunflower
Karnataka,Hubli,Alluvial,Rabi,1,4.3,Semi-arid,Gram
Karnataka,Mysore,Sandy,Rabi,1,20.8,Humid,Wheat
Karnataka,Belgaum,Black,Rabi,1,11.5,Semi-arid,Sunflower
Gujarat,Surat,Sandy,Kharif,0,5.8,Humid,Groundnut
Maharashtra,Satara,Laterite,Kharif,1,11.0,Humid,Tur
Gujarat,Ahmedabad,Sandy,Rabi,0,11.4,Arid,Wheat
Gujarat,Rajkot,Laterite,Zaid,0,2.9,Semi-arid,Groundnut
Karnataka,Mysore,Black,Rabi,0,17.4,Humid,Gram
Maharashtra,Ahmednagar,Laterite,Kharif,0,9.0,Semi-arid,Groundnut
Maharashtra,Nashik,Laterite,Rabi,1,8.8,Semi-arid,Sunflower
Karnataka,Mysore,Black,Kharif,1,15.3,Humid,Sunflower
Karnataka,Belgaum,Loamy,Kharif,1,12.4,Semi-arid,Maize
Gujarat,Rajkot,Alluvial,Kharif,1,1.5,Semi-arid,Maize
Gujarat,Surat,Alluvial,Rabi,1,4.1,Humid,Onion
Karnataka,Gulbarga,Red,Kharif,1,9.7,Semi-arid,Sunflower
Karnataka,Bangalore Rural,Red,Kharif,0,7.6,Semi-arid,Tur
Maharashtra,Kolhapur,Clay,Kharif,1,14.1,Humid,Rice
Karnataka,Gulbarga,Alluvial,Zaid,1,7.9,Semi-arid,Maize
Gujarat,Surat,Black,Kharif,1,7.1,Humid,Jowar
Gujarat,Vadodara,Alluvial,Kharif,1,3.9,Semi-arid,Maize
Gujarat,Surat,Alluvial,Zaid,0,18.5,Humid,Maize
Karnataka,Belgaum,Red,Zaid,1,10.2,Semi-arid,Groundnut
Maharashtra,Kolhapur,Laterite,Rabi,1,24.1,Humid,Wheat
Gujarat,Junagadh,Loamy,Rabi,1,19.9,Arid,Sunflower
Maharashtra,Solapur,Laterite,Kharif,0,23.6,Arid,Groundnut
Gujarat,Surat,Laterite,Rabi,1,9.7,Humid,Gram
Maharashtra,Satara,Loamy,Zaid,1,23.0,Humid,Maize
Maharashtra,Aurangabad,Sandy,Rabi,1,11.4,Semi-arid,Onion
Gujarat,Vadodara,Loamy,Kharif,1,24.9,Semi-arid,Maize
Maharashtra,Pune,Black,Kharif,1,6.4,Semi-arid,Sunflower
Gujarat,Rajkot,Sandy,Kharif,0,5.9,Semi-arid,Groundnut
Karnataka,Gulbarga,Clay,Zaid,0,13.4,Semi-arid,Sunflower
Maharashtra,Solapur,Laterite,Rabi,1,18.5,Arid,Onion
Karnataka,Mysore,Alluvial,Rabi,1,20.8,Humid,Gram
Gujarat,Rajkot,Black,Kharif,1,2.2,Semi-arid,Cotton
Maharashtra,Nagpur,Black,Zaid,0,17.7,Sub-humid,Sunflower
Gujarat,Ahmedabad,Red,Rabi,1,17.3,Arid,Sunflower
Gujarat,Rajkot,Alluvial,Rabi,0,23.7,Semi-arid,Gram
Maharashtra,Aurangabad,Alluvial,Rabi,1,2.4,Semi-arid,Onion
Karnataka,Bangalore Rural,Clay,Rabi,1,10.4,Semi-arid,Gram
Karnataka,Mysore,Loamy,Rabi,1,7.0,Humid,Sunflower
Gujarat,Junagadh,Loamy,Kharif,1,5.9,Arid,Maize
Gujarat,Junagadh,Alluvial,Kharif,0,5.1,Arid,Rice
Karnataka,Hubli,Red,Rabi,1,17.2,Semi-arid,Sunflower
Karnataka,Bangalore Rural,Sandy,Zaid,1,13.2,Semi-arid,Groundnut
Gujarat,Surat,Laterite,Zaid,1,22.1,Humid,Groundnut
Gujarat,Rajkot,Black,Kharif,1,0.5,Semi-arid,Sunflower
Karnataka,Hubli,Clay,Rabi,0,14.8,Semi-arid,Gram
Karnataka,Gulbarga,Laterite,Kharif,1,23.3,Semi-arid,Tur
Gujarat,Rajkot,Black,Zaid,0,14.5,Semi-arid,Sunflower
Gujarat,Junagadh,Alluvial,Kharif,1,23.4,Arid,Rice
Maharashtra,Nashik,Loamy,Rabi,1,23.3,Semi-arid,Wheat
Gujarat,Surat,Loamy,Zaid,1,22.0,Humid,Maize
Gujarat,Ahmedabad,Laterite,Zaid,0,7.1,Arid,Groundnut
Gujarat,Vadodara,Sandy,Rabi,1,12.7,Semi-arid,Gram
Maharashtra,Aurangabad,Loamy,Rabi,1,19.4,Semi-arid,Sunflower
Gujarat,Ahmedabad,Sandy,Rabi,1,10.7,Arid,Onion
Maharashtra,Pune,Clay,Zaid,0,16.4,Semi-arid,Onion
Gujarat,Junagadh,Sandy,Rabi,1,23.3,Arid,Sunflower
Gujarat,Vadodara,Clay,Kharif,1,12.0,Semi-arid,Rice
Maharashtra,Nagpur,Alluvial,Zaid,1,20.7,Sub-humid,Onion
Maharashtra,Nagpur,Loamy,Kharif,1,6.4,Sub-humid,Soybean
Karnataka,Belgaum,Laterite,Rabi,1,12.6,Semi-arid,Gram
Maharashtra,Nagpur,Clay,Kharif,1,24.1,Sub-humid,Rice
Karnataka,Belgaum,Laterite,Zaid,0,19.4,Semi-arid,Groundnut
Karnataka,Bangalore Rural,Alluvial,Rabi,1,19.4,Semi-arid,Wheat
Karnataka,Gulbarga,Clay,Zaid,1,7.7,Semi-arid,Onion
Karnataka,Bangalore Rural,Black,Rabi,1,14.4,Semi-arid,Gram
Maharashtra,Ahmednagar,Laterite,Zaid,1,13.9,Semi-arid,Groundnut
Gujarat,Ahmedabad,Sandy,Rabi,1,22.5,Arid,Onion
Maharashtra,Nashik,Red,Kharif,0,12.1,Semi-arid,Cotton
Karnataka,Belgaum,Loamy,Kharif,1,16.4,Semi-arid,Sunflower
Karnataka,Belgaum,Black,Zaid,0,15.7,Semi-arid,Sunflower
Maharashtra,Nashik,Alluvial,Kharif,1,24.6,Semi-arid,Rice
Gujarat,Vadodara,Alluvial,Zaid,0,23.7,Semi-arid,Maize
Karnataka,Bangalore Rural,Black,Zaid,1,17.4,Semi-arid,Sunflower
Karnataka,Gulbarga,Laterite,Kharif,1,3.8,Semi-arid,Tur
Gujarat,Surat,Loamy,Kharif,0,24.1,Humid,Sunflower
Karnataka,Hubli,Clay,Rabi,1,11.7,Semi-arid,Wheat
Karnataka,Gulbarga,Laterite,Kharif,1,21.2,Semi-arid,Tur
Maharashtra,Nashik,Alluvial,Zaid,1,24.0,Semi-arid,Maize
Gujarat,Vadodara,Alluvial,Rabi,1,5.9,Semi-arid,Onion
Karnataka,Mysore,Loamy,Zaid,1,0.8,Humid,Maize
Gujarat,Junagadh,Alluvial,Kharif,0,24.0,Arid,Rice
Karnataka,Hubli,Loamy,Kharif,0,19.4,Semi-arid,Cotton
Karnataka,Belgaum,Alluvial,Zaid,0,24.0,Semi-arid,Onion
Maharashtra,Satara,Laterite,Kharif,0,19.7,Humid,Groundnut
Karnataka,Mysore,Sandy,Rabi,1,21.3,Humid,Onion
Gujarat,Junagadh,Alluvial,Kharif,1,22.4,Arid,Maize
Maharashtra,Satara,Loamy,Zaid,0,12.6,Humid,Sunflower
Gujarat,Ahmedabad,Alluvial,Kharif,1,1.9,Arid,Maize
Karnataka,Belgaum,Red,Kharif,1,14.3,Semi-arid,Sunflower
Maharashtra,Nashik,Black,Rabi,0,24.4,Semi-arid,Sunflower
Gujarat,Rajkot,Black,Kharif,1,23.9,Semi-arid,Cotton
Maharashtra,Pune,Sandy,Kharif,0,14.3,Semi-arid,Groundnut
Karnataka,Mysore,Alluvial,Kharif,1,22.4,Humid,Rice
Maharashtra,Kolhapur,Clay,Zaid,1,12.7,Humid,Groundnut
Maharashtra,Solapur,Black,Zaid,1,1.3,Arid,Sunflower
Gujarat,Vadodara,Red,Zaid,0,11.8,Semi-arid,Groundnut
Gujarat,Junagadh,Laterite,Rabi,0,9.1,Arid,Wheat
Karnataka,Belgaum,Black,Zaid,1,7.6,Semi-arid,Sunflower
Gujarat,Junagadh,Clay,Kharif,1,10.7,Arid,Rice
Maharashtra,Pune,Red,Zaid,1,0.7,Semi-arid,Maize
Gujarat,Vadodara,Laterite,Rabi,0,16.2,Semi-arid,Gram
Maharashtra,Ahmednagar,Red,Rabi,0,20.5,Semi-arid,Sunflower
Gujarat,Ahmedabad,Clay,Zaid,0,10.4,Arid,Groundnut
Karnataka,Gulbarga,Clay,Kharif,1,9.8,Semi-arid,Rice
Karnataka,Hubli,Alluvial,Rabi,0,14.8,Semi-arid,Wheat
Karnataka,Belgaum,Black,Zaid,0,19.1,Semi-arid,Sunflower
Maharashtra,Ahmednagar,Black,Zaid,1,23.4,Semi-arid,Sunflower
Gujarat,Rajkot,Clay,Kharif,1,3.6,Semi-arid,Rice
Maharashtra,Pune,Red,Zaid,1,4.0,Semi-arid,Groundnut
Maharashtra,Aurangabad,Black,Zaid,0,16.9,Semi-arid,Sunflower
Maharashtra,Pune,Alluvial,Rabi,1,19.8,Semi-arid,Wheat
Karnataka,Belgaum,Alluvial,Zaid,0,0.8,Semi-arid,Onion
Karnataka,Hubli,Sandy,Zaid,1,17.8,Semi-arid,Groundnut
Maharashtra,Pune,Black,Zaid,1,8.1,Semi-arid,Sunflower
Maharashtra,Solapur,Clay,Zaid,0,6.1,Arid,Onion
Maharashtra,Nagpur,Loamy,Zaid,1,20.5,Sub-humid,Sunflower
Gujarat,Rajkot,Red,Zaid,0,0.8,Semi-arid,Maize
Maharashtra,Pune,Laterite,Rabi,1,5.2,Semi-arid,Gram
Karnataka,Belgaum,Sandy,Kharif,0,15.3,Semi-arid,Groundnut
Maharashtra,Satara,Red,Kharif,1,8.6,Humid,Cotton
Gujarat,Vadodara,Black,Kharif,0,18.5,Semi-arid,Cotton
Gujarat,Rajkot,Clay,Kharif,1,7.3,Semi-arid,Rice
Karnataka,Belgaum,Black,Rabi,1,24.4,Semi-arid,Sunflower
Karnataka,Gulbarga,Laterite,Rabi,1,5.2,Semi-arid,Onion
Maharashtra,Aurangabad,Black,Zaid,1,5.5,Semi-arid,Sunflower
Karnataka,Bangalore Rural,Red,Rabi,0,15.3,Semi-arid,Sunflower
Maharashtra,Ahmednagar,Clay,Zaid,1,17.5,Semi-arid,Maize
Gujarat,Surat,Clay,Kharif,1,24.1,Humid,Rice
Karnataka,Belgaum,Black,Rabi,1,7.1,Semi-arid,Gram
Maharashtra,Nagpur,Black,Zaid,1,4.3,Sub-humid,Sunflower
Karnataka,Mysore,Sandy,Zaid,0,15.8,Humid,Groundnut
Maharashtra,Nagpur,Black,Kharif,1,23.4,Sub-humid,Soybean
Gujarat,Ahmedabad,Red,Kharif,0,5.1,Arid,Groundnut
Karnataka,Belgaum,Red,Rabi,0,8.5,Semi-arid,Sunflower
Maharashtra,Ahmednagar,Black,Zaid,1,11.1,Semi-arid,Sunflower
Karnataka,Mysore,Laterite,Kharif,1,16.9,Humid,Tur
Maharashtra,Solapur,Loamy,Kharif,0,1.7,Arid,Soybean
Gujarat,Ahmedabad,Black,Rabi,1,6.6,Arid,Sunflower
Maharashtra,Nashik,Alluvial,Rabi,1,17.0,Semi-arid,Gram
Gujarat,Surat,Red,Rabi,1,12.6,Humid,Sunflower
Karnataka,Mysore,Red,Rabi,0,18.6,Humid,Sunflower
Gujarat,Surat,Black,Kharif,1,20.1,Humid,Sunflower
Maharashtra,Satara,Sandy,Kharif,1,19.8,Humid,Groundnut
Karnataka,Mysore,Alluvial,Rabi,1,11.3,Humid,Onion
Maharashtra,Ahmednagar,Laterite,Rabi,0,7.7,Semi-arid,Gram
Maharashtra,Kolhapur,Laterite,Rabi,1,1.9,Humid,Gram
Gujarat,Ahmedabad,Loamy,Zaid,1,16.6,Arid,Maize
Karnataka,Gulbarga,Sandy,Kharif,0,23.6,Semi-arid,Groundnut
Gujarat,Junagadh,Loamy,Zaid,1,7.6,Arid,Maize
Gujarat,Surat,Loamy,Kharif,1,9.2,Humid,Soybean
Maharashtra,Kolhapur,Loamy,Rabi,0,23.8,Humid,Gram
Karnataka,Belgaum,Red,Rabi,0,22.0,Semi-arid,Sunflower
Maharashtra,Satara,Alluvial,Kharif,1,5.2,Humid,Rice
Karnataka,Belgaum,Laterite,Zaid,1,10.7,Semi-arid,Groundnut
Maharashtra,Kolhapur,Loamy,Kharif,1,18.2,Humid,Cotton
Gujarat,Junagadh,Black,Zaid,1,18.1,Arid,Sunflower
Karnataka,Belgaum,Clay,Kharif,1,18.4,Semi-arid,Rice
Karnataka,Hubli,Loamy,Zaid,1,13.2,Semi-arid,Sunflower
Karnataka,Mysore,Clay,Zaid,0,14.5,Humid,Onion
Maharashtra,Ahmednagar,Black,Rabi,0,17.1,Semi-arid,Gram
Karnataka,Belgaum,Sandy,Rabi,1,13.9,Semi-arid,Onion
Maharashtra,Solapur,Loamy,Kharif,1,12.6,Arid,Soybean
Gujarat,Surat,Black,Zaid,1,19.2,Humid,Sunflower
Karnataka,Belgaum,Loamy,Kharif,0,15.5,Semi-arid,Soybean
Gujarat,Junagadh,Alluvial,Zaid,0,5.9,Arid,Onion
Maharashtra,Satara,Laterite,Kharif,1,21.0,Humid,Tur
Maharashtra,Aurangabad,Laterite,Zaid,1,13.5,Semi-arid,Groundnut
Gujarat,Surat,Black,Kharif,1,0.8,Humid,Sunflower
Maharashtra,Solapur,Red,Zaid,1,5.6,Arid,Groundnut
Karnataka,Bangalore Rural,Loamy,Kharif,0,21.3,Semi-arid,Sunflower
Maharashtra,Kolhapur,Red,Rabi,1,24.7,Humid,Sunflower
Maharashtra,Aurangabad,Red,Kharif,1,2.2,Semi-arid,Groundnut
Gujarat,Vadodara,Alluvial,Zaid,1,17.9,Semi-arid,Maize
Gujarat,Surat,Clay,Kharif,1,16.0,Humid,Rice
Gujarat,Ahmedabad,Laterite,Kharif,1,19.7,Arid,Tur
Gujarat,Surat,Laterite,Kharif,1,5.6,Humid,Tur
Gujarat,Vadodara,Black,Zaid,0,18.9,Semi-arid,Sunflower
Gujarat,Rajkot,Sandy,Rabi,0,14.7,Semi-arid,Onion
Karnataka,Bangalore Rural,Red,Kharif,0,7.1,Semi-arid,Maize
Gujarat,Ahmedabad,Sandy,Zaid,0,21.8,Arid,Groundnut
Gujarat,Ahmedabad,Red,Rabi,1,11.4,Arid,Sunflower
Karnataka,Belgaum,Clay,Rabi,1,16.1,Semi-arid,Wheat
Maharashtra,Pune,Clay,Kharif,0,11.8,Semi-arid,Rice
Gujarat,Vadodara,Loamy,Rabi,1,19.5,Semi-arid,Wheat
Gujarat,Vadodara,Red,Kharif,0,4.2,Semi-arid,Maize
Maharashtra,Ahmednagar,Clay,Rabi,1,22.3,Semi-arid,Wheat
Karnataka,Hubli,Clay,Kharif,0,22.3,Semi-arid,Rice
Maharashtra,Ahmednagar,Sandy,Rabi,1,18.8,Semi-arid,Wheat
Maharashtra,Solapur,Clay,Zaid,0,8.5,Arid,Sunflower
Maharashtra,Nashik,Alluvial,Kharif,1,14.5,Semi-arid,Maize
Maharashtra,Pune,Alluvial,Zaid,1,19.7,Semi-arid,Onion
Gujarat,Vadodara,Sandy,Zaid,1,0.9,Semi-arid,Groundnut
Maharashtra,Solapur,Laterite,Zaid,0,15.7,Arid,Groundnut
Maharashtra,Kolhapur,Sandy,Rabi,1,2.2,Humid,Onion
Gujarat,Rajkot,Red,Rabi,1,14.7,Semi-arid,Sunflower
Gujarat,Rajkot,Clay,Rabi,1,13.4,Semi-arid,Gram
Gujarat,Junagadh,Laterite,Rabi,1,20.2,Arid,Onion
Maharashtra,Satara,Alluvial,Zaid,0,9.4,Humid,Onion
Gujarat,Rajkot,Sandy,Kharif,1,16.3,Semi-arid,Groundnut
Karnataka,Hubli,Clay,Zaid,0,20.4,Semi-arid,Maize
Karnataka,Hubli,Loamy,Kharif,0,4.7,Semi-arid,Maize
Maharashtra,Ahmednagar,Alluvial,Zaid,1,11.6,Semi-arid,Onion
Karnataka,Mysore,Laterite,Rabi,1,4.3,Humid,Onion
Karnataka,Hubli,Laterite,Rabi,1,15.0,Semi-arid,Gram
Karnataka,Bangalore Rural,Sandy,Rabi,1,15.4,Semi-arid,Wheat
Karnataka,Mysore,Loamy,Kharif,0,17.2,Humid,Cotton
Gujarat,Ahmedabad,Alluvial,Zaid,1,22.5,Arid,Onion
Gujarat,Ahmedabad,Loamy,Zaid,0,3.6,Arid,Maize
Maharashtra,Ahmednagar,Laterite,Kharif,1,22.4,Semi-arid,Groundnut
Karnataka,Mysore,Red,Rabi,1,4.6,Humid,Sunflower
Karnataka,Hubli,Laterite,Zaid,1,24.3,Semi-arid,Groundnut
Gujarat,Rajkot,Clay,Kharif,1,3.7,Semi-arid,Rice
Maharashtra,Nagpur,Sandy,Kharif,1,5.7,Sub-humid,Groundnut
Gujarat,Surat,Clay,Zaid,0,7.1,Humid,Groundnut
Gujarat,Rajkot,Laterite,Rabi,0,3.9,Semi-arid,Onion
Karnataka,Mysore,Laterite,Rabi,0,11.3,Humid,Wheat
Karnataka,Belgaum,Loamy,Rabi,1,9.4,Semi-arid,Sunflower
Maharashtra,Solapur,Red,Zaid,0,16.8,Arid,Groundnut
Gujarat,Junagadh,Black,Kharif,0,0.9,Arid,Soybean
Maharashtra,Solapur,Black,Zaid,1,17.3,Arid,Sunflower
Maharashtra,Aurangabad,Red,Zaid,1,10.7,Semi-arid,Maize
Maharashtra,Kolhapur,Black,Kharif,1,14.4,Humid,Soybean
Karnataka,Bangalore Rural,Laterite,Zaid,0,18.7,Semi-arid,Groundnut
Gujarat,Vadodara,Sandy,Rabi,0,12.5,Semi-arid,Gram
Karnataka,Gulbarga,Clay,Zaid,1,4.0,Semi-arid,Maize
Gujarat,Surat,Alluvial,Zaid,1,18.4,Humid,Onion
Maharashtra,Satara,Laterite,Kharif,1,6.7,Humid,Tur
Gujarat,Vadodara,Sandy,Kharif,0,19.9,Semi-arid,Groundnut
Maharashtra,Pune,Clay,Kharif,1,5.4,Semi-arid,Rice
Karnataka,Mysore,Sandy,Zaid,1,5.6,Humid,Groundnut
Gujarat,Junagadh,Loamy,Kharif,1,19.1,Arid,Maize
Karnataka,Hubli,Loamy,Kharif,0,23.4,Semi-arid,Cotton
Karnataka,Hubli,Sandy,Zaid,1,5.5,Semi-arid,Groundnut
Gujarat,Vadodara,Loamy,Kharif,1,19.5,Semi-arid,Maize
Karnataka,Belgaum,Black,Kharif,0,4.4,Semi-arid,Cotton
Karnataka,Belgaum,Loamy,Kharif,0,22.9,Semi-arid,Maize
Gujarat,Vadodara,Black,Zaid,0,10.1,Semi-arid,Sunflower
Gujarat,Ahmedabad,Black,Rabi,1,14.4,Arid,Wheat
Karnataka,Hubli,Clay,Kharif,0,11.1,Semi-arid,Rice
Maharashtra,Aurangabad,Alluvial,Zaid,1,8.6,Semi-arid,Maize
Gujarat,Vadodara,Alluvial,Kharif,1,5.2,Semi-arid,Maize
Karnataka,Gulbarga,Alluvial,Rabi,1,7.4,Semi-arid,Wheat
Karnataka,Belgaum,Black,Zaid,1,20.0,Semi-arid,Sunflower
Karnataka,Mysore,Laterite,Kharif,1,24.8,Humid,Tur
Karnataka,Bangalore Rural,Clay,Zaid,1,4.5,Semi-arid,Sunflower
Gujarat,Junagadh,Black,Zaid,1,6.5,Arid,Sunflower
Karnataka,Belgaum,Red,Rabi,1,7.7,Semi-arid,Sunflower
Gujarat,Ahmedabad,Loamy,Zaid,1,16.8,Arid,Maize
Karnataka,Hubli,Laterite,Zaid,1,7.8,Semi-arid,Groundnut
Karnataka,Belgaum,Red,Rabi,0,15.3,Semi-arid,Sunflower
Karnataka,Gulbarga,Clay,Kharif,1,7.6,Semi-arid,Rice
Karnataka,Bangalore Rural,Loamy,Rabi,1,14.8,Semi-arid,Gram
Karnataka,Belgaum,Alluvial,Zaid,1,14.7,Semi-arid,Maize
Gujarat,Rajkot,Red,Rabi,1,0.8,Semi-arid,Sunflower
Maharashtra,Solapur,Sandy,Rabi,1,11.9,Arid,Sunflower
Maharashtra,Satara,Sandy,Kharif,1,15.1,Humid,Groundnut
Gujarat,Rajkot,Laterite,Zaid,1,14.4,Semi-arid,Groundnut
Maharashtra,Kolhapur,Clay,Rabi,0,1.3,Humid,Wheat
Gujarat,Surat,Loamy,Zaid,1,17.5,Humid,Maize
Maharashtra,Ahmednagar,Black,Kharif,1,17.4,Semi-arid,Jowar
Gujarat,Ahmedabad,Clay,Rabi,0,20.0,Arid,Gram
Maharashtra,Pune,Clay,Rabi,1,20.9,Semi-arid,Gram
Maharashtra,Satara,Alluvial,Rabi,1,3.9,Humid,Onion
Maharashtra,Aurangabad,Sandy,Kharif,1,5.5,Semi-arid,Groundnut
Maharashtra,Satara,Red,Kharif,1,15.2,Humid,Tur
Karnataka,Bangalore Rural,Clay,Rabi,1,15.7,Semi-arid,Gram
Maharashtra,Satara,Clay,Kharif,1,6.4,Humid,Rice
Gujarat,Rajkot,Loamy,Zaid,1,9.2,Semi-arid,Sunflower
Karnataka,Bangalore Rural,Sandy,Kharif,1,6.8,Semi-arid,Groundnut
Maharashtra,Satara,Red,Rabi,1,5.8,Humid,Sunflower
Gujarat,Vadodara,Clay,Kharif,1,13.2,Semi-arid,Rice
Gujarat,Rajkot,Loamy,Kharif,1,21.0,Semi-arid,Maize
Gujarat,Surat,Sandy,Kharif,1,2.7,Humid,Groundnut
Karnataka,Gulbarga,Sandy,Kharif,1,11.4,Semi-arid,Groundnut
Gujarat,Junagadh,Clay,Rabi,0,6.3,Arid,Gram
Maharashtra,Ahmednagar,Clay,Rabi,0,12.4,Semi-arid,Gram
Maharashtra,Nashik,Laterite,Rabi,1,1.5,Semi-arid,Gram
Gujarat,Rajkot,Black,Zaid,1,18.3,Semi-arid,Sunflower
Karnataka,Mysore,Clay,Kharif,1,19.7,Humid,Rice
Gujarat,Surat,Alluvial,Kharif,1,16.7,Humid,Rice
Maharashtra,Aurangabad,Black,Kharif,1,15.8,Semi-arid,Cotton
Gujarat,Vadodara,Loamy,Rabi,0,3.7,Semi-arid,Gram
Gujarat,Ahmedabad,Red,Rabi,0,17.4,Arid,Sunflower
Gujarat,Ahmedabad,Black,Rabi,1,8.7,Arid,Sunflower
Gujarat,Rajkot,Sandy,Kharif,0,8.0,Semi-arid,Groundnut
Karnataka,Hubli,Laterite,Kharif,1,1.7,Semi-arid,Groundnut
Maharashtra,Aurangabad,Red,Zaid,1,14.8,Semi-arid,Groundnut
Gujarat,Surat,Laterite,Kharif,1,0.7,Humid,Groundnut
Gujarat,Rajkot,Loamy,Zaid,0,3.7,Semi-arid,Sunflower
Gujarat,Vadodara,Laterite,Kharif,0,20.2,Semi-arid,Groundnut
Maharashtra,Solapur,Sandy,Rabi,1,11.5,Arid,Gram
Maharashtra,Satara,Loamy,Rabi,0,1.8,Humid,Gram
Maharashtra,Kolhapur,Alluvial,Zaid,1,13.5,Humid,Maize
Karnataka,Gulbarga,Sandy,Zaid,0,13.9,Semi-arid,Groundnut
Gujarat,Vadodara,Red,Rabi,1,4.7,Semi-arid,Sunflower
Karnataka,Gulbarga,Alluvial,Zaid,0,6.5,Semi-arid,Onion
Karnataka,Bangalore Rural,Laterite,Zaid,1,6.1,Semi-arid,Groundnut
Karnataka,Bangalore Rural,Loamy,Zaid,0,17.0,Semi-arid,Sunflower
Karnataka,Gulbarga,Laterite,Zaid,0,9.3,Semi-arid,Groundnut
Maharashtra,Nagpur,Red,Kharif,0,4.3,Sub-humid,Tur
Gujarat,Surat,Clay,Zaid,1,14.7,Humid,Onion
Gujarat,Junagadh,Red,Zaid,1,11.0,Arid,Groundnut
Maharashtra,Solapur,Clay,Zaid,0,17.4,Arid,Onion
Gujarat,Junagadh,Laterite,Zaid,1,20.6,Arid,Groundnut
Maharashtra,Aurangabad,Laterite,Kharif,1,19.6,Semi-arid,Tur
Karnataka,Bangalore Rural,Laterite,Zaid,1,24.5,Semi-arid,Groundnut
Maharashtra,Aurangabad,Laterite,Zaid,1,15.1,Semi-arid,Groundnut
Karnataka,Bangalore Rural,Clay,Rabi,1,4.0,Semi-arid,Gram
Karnataka,Bangalore Rural,Red,Kharif,1,18.8,Semi-arid,Maize
Maharashtra,Satara,Sandy,Rabi,1,17.7,Humid,Sunflower
Karnataka,Hubli,Black,Rabi,1,3.6,Semi-arid,Sunflower
Karnataka,Belgaum,Red,Zaid,1,10.9,Semi-arid,Maize
Karnataka,Mysore,Red,Zaid,0,10.2,Humid,Sunflower
Maharashtra,Nagpur,Laterite,Kharif,1,9.4,Sub-humid,Tur
Maharashtra,Nashik,Clay,Rabi,0,10.5,Semi-arid,Gram
Maharashtra,Nagpur,Clay,Rabi,0,24.9,Sub-humid,Wheat
Maharashtra,Kolhapur,Laterite,Rabi,1,6.7,Humid,Wheat
Gujarat,Junagadh,Laterite,Kharif,1,15.0,Arid,Groundnut
Karnataka,Bangalore Rural,Black,Kharif,0,3.6,Semi-arid,Cotton
Gujarat,Vadodara,Black,Kharif,1,12.7,Semi-arid,Sunflower
Gujarat,Vadodara,Loamy,Zaid,1,22.3,Semi-arid,Maize
Gujarat,Ahmedabad,Laterite,Zaid,1,2.8,Arid,Groundnut
Maharashtra,Aurangabad,Laterite,Zaid,0,14.1,Semi-arid,Groundnut
Gujarat,Surat,Sandy,Kharif,1,6.4,Humid,Groundnut
Gujarat,Rajkot,Loamy,Zaid,0,10.4,Semi-arid,Maize
Gujarat,Vadodara,Clay,Zaid,0,8.5,Semi-arid,Groundnut
Maharashtra,Nashik,Sandy,Rabi,1,17.5,Semi-arid,Gram
Gujarat,Junagadh,Alluvial,Kharif,1,20.2,Arid,Maize
Gujarat,Rajkot,Sandy,Zaid,1,1.1,Semi-arid,Groundnut
Gujarat,Junagadh,Sandy,Rabi,1,6.0,Arid,Onion
Karnataka,Mysore,Red,Zaid,1,13.8,Humid,Groundnut
Gujarat,Rajkot,Laterite,Zaid,1,6.2,Semi-arid,Groundnut
Gujarat,Rajkot,Clay,Rabi,1,17.4,Semi-arid,Gram
Karnataka,Belgaum,Red,Kharif,0,13.8,Semi-arid,Cotton
Gujarat,Rajkot,Loamy,Kharif,0,17.7,Semi-arid,Soybean
Gujarat,Rajkot,Sandy,Kharif,1,8.2,Semi-arid,Groundnut
Maharashtra,Kolhapur,Clay,Rabi,1,17.1,Humid,Gram
Maharashtra,Ahmednagar,Clay,Rabi,1,23.4,Semi-arid,Gram
Gujarat,Surat,Laterite,Zaid,0,9.8,Humid,Groundnut
Gujarat,Ahmedabad,Laterite,Rabi,1,16.6,Arid,Wheat
Karnataka,Bangalore Rural,Sandy,Kharif,1,22.1,Semi-arid,Groundnut
Karnataka,Mysore,Loamy,Kharif,1,16.4,Humid,Maize
Gujarat,Ahmedabad,Red,Zaid,1,23.9,Arid,Groundnut
Karnataka,Belgaum,Loamy,Kharif,1,21.8,Semi-arid,Cotton
Maharashtra,Nagpur,Red,Kharif,1,17.6,Sub-humid,Maize
Gujarat,Surat,Black,Kharif,1,9.0,Humid,Jowar
Karnataka,Bangalore Rural,Alluvial,Zaid,1,22.7,Semi-arid,Maize
Maharashtra,Solapur,Alluvial,Zaid,0,9.6,Arid,Onion
Gujarat,Surat,Loamy,Kharif,0,2.5,Humid,Cotton
Karnataka,Bangalore Rural,Red,Rabi,1,23.6,Semi-arid,Sunflower
Karnataka,Hubli,Loamy,Rabi,1,18.2,Semi-arid,Sunflower
Karnataka,Mysore,Sandy,Rabi,1,23.4,Humid,Onion
Maharashtra,Nashik,Sandy,Rabi,1,8.9,Semi-arid,Wheat
Gujarat,Junagadh,Black,Zaid,1,11.3,Arid,Sunflower
Maharashtra,Nagpur,Clay,Rabi,1,22.6,Sub-humid,Gram
Maharashtra,Nashik,Black,Zaid,1,11.3,Semi-arid,Sunflower
Maharashtra,Nashik,Sandy,Rabi,1,23.4,Semi-arid,Gram
Gujarat,Ahmedabad,Sandy,Zaid,1,21.7,Arid,Groundnut
Gujarat,Ahmedabad,Black,Rabi,1,2.0,Arid,Gram
Karnataka,Gulbarga,Alluvial,Rabi,1,9.7,Semi-arid,Onion
Gujarat,Rajkot,Alluvial,Rabi,1,10.0,Semi-arid,Gram
Gujarat,Junagadh,Sandy,Zaid,0,7.1,Arid,Groundnut
Gujarat,Vadodara,Alluvial,Kharif,1,14.1,Semi-arid,Rice
Gujarat,Ahmedabad,Laterite,Rabi,0,1.7,Arid,Sunflower
Karnataka,Hubli,Black,Rabi,1,16.3,Semi-arid,Sunflower
Gujarat,Ahmedabad,Black,Rabi,1,3.6,Arid,Sunflower
Karnataka,Belgaum,Laterite,Kharif,1,17.4,Semi-arid,Tur
Maharashtra,Nashik,Clay,Kharif,1,7.5,Semi-arid,Rice
Gujarat,Ahmedabad,Laterite,Zaid,1,19.3,Arid,Groundnut
Maharashtra,Nagpur,Clay,Kharif,1,23.9,Sub-humid,Rice
Gujarat,Junagadh,Sandy,Kharif,1,4.9,Arid,Groundnut
Karnataka,Hubli,Loamy,Kharif,1,23.1,Semi-arid,Maize
Karnataka,Belgaum,Loamy,Zaid,0,8.5,Semi-arid,Sunflower
Karnataka,Gulbarga,Laterite,Kharif,1,18.6,Semi-arid,Tur
Karnataka,Mysore,Red,Zaid,1,18.4,Humid,Maize
Gujarat,Vadodara,Sandy,Rabi,1,17.5,Semi-arid,Sunflower
Gujarat,Junagadh,Clay,Zaid,1,1.9,Arid,Sunflower
Gujarat,Vadodara,Sandy,Rabi,1,18.4,Semi-arid,Onion
Karnataka,Gulbarga,Black,Kharif,1,9.2,Semi-arid,Soybean
Gujarat,Rajkot,Loamy,Rabi,0,9.1,Semi-arid,Sunflower
Maharashtra,Pune,Loamy,Zaid,1,6.0,Semi-arid,Maize
Gujarat,Rajkot,Red,Zaid,0,14.3,Semi-arid,Groundnut
Maharashtra,Kolhapur,Sandy,Kharif,0,18.5,Humid,Groundnut
Maharashtra,Pune,Loamy,Kharif,0,2.0,Semi-arid,Sunflower
Karnataka,Belgaum,Red,Rabi,1,22.7,Semi-arid,Sunflower
Karnataka,Gulbarga,Alluvial,Rabi,1,3.7,Semi-arid,Onion
Maharashtra,Solapur,Alluvial,Rabi,0,9.4,Arid,Gram
Gujarat,Ahmedabad,Laterite,Kharif,1,21.6,Arid,Tur
Maharashtra,Solapur,Red,Kharif,0,11.0,Arid,Groundnut
Gujarat,Ahmedabad,Black,Rabi,1,7.1,Arid,Sunflower
Gujarat,Surat,Red,Kharif,1,14.9,Humid,Sunflower
Maharashtra,Solapur,Alluvial,Zaid,0,19.4,Arid,Onion
Karnataka,Bangalore Rural,Laterite,Kharif,0,0.8,Semi-arid,Tur
Maharashtra,Kolhapur,Black,Rabi,0,1.0,Humid,Sunflower
Maharashtra,Ahmednagar,Sandy,Zaid,1,17.1,Semi-arid,Groundnut
Karnataka,Gulbarga,Red,Kharif,1,22.1,Semi-arid,Cotton
Karnataka,Belgaum,Clay,Kharif,1,22.6,Semi-arid,Rice
Maharashtra,Nagpur,Sandy,Rabi,0,1.5,Sub-humid,Gram
Karnataka,Bangalore Rural,Loamy,Zaid,0,16.3,Semi-arid,Sunflower
Karnataka,Hubli,Alluvial,Kharif,0,17.4,Semi-arid,Rice
Gujarat,Ahmedabad,Sandy,Rabi,0,11.0,Arid,Onion
Gujarat,Rajkot,Red,Zaid,1,16.3,Semi-arid,Sunflower
Gujarat,Rajkot,Laterite,Zaid,1,23.1,Semi-arid,Groundnut
Maharashtra,Nagpur,Loamy,Kharif,1,19.2,Sub-humid,Maize
Gujarat,Vadodara,Loamy,Rabi,1,2.0,Semi-arid,Gram
Gujarat,Surat,Laterite,Zaid,0,7.9,Humid,Groundnut
Gujarat,Surat,Red,Kharif,0,2.9,Humid,Tur
Karnataka,Belgaum,Loamy,Kharif,1,6.2,Semi-arid,Cotton
Karnataka,Hubli,Laterite,Zaid,1,0.6,Semi-arid,Groundnut
Maharashtra,Satara,Loamy,Rabi,0,21.8,Humid,Sunflower
Karnataka,Mysore,Loamy,Kharif,0,15.1,Humid,Maize
Karnataka,Bangalore Rural,Alluvial,Zaid,1,8.0,Semi-arid,Onion
Maharashtra,Aurangabad,Clay,Zaid,1,4.6,Semi-arid,Onion
Maharashtra,Pune,Red,Zaid,0,13.0,Semi-arid,Maize
Gujarat,Junagadh,Alluvial,Zaid,1,21.1,Arid,Onion
Maharashtra,Kolhapur,Loamy,Zaid,0,18.3,Humid,Maize
Karnataka,Hubli,Loamy,Zaid,0,17.1,Semi-arid,Sunflower
Gujarat,Rajkot,Clay,Zaid,0,3.7,Semi-arid,Onion
Maharashtra,Solapur,Clay,Kharif,1,1.9,Arid,Rice
Karnataka,Belgaum,Sandy,Rabi,1,11.8,Semi-arid,Sunflower
Maharashtra,Pune,Clay,Rabi,0,6.6,Semi-arid,Gram
Karnataka,Belgaum,Clay,Kharif,1,10.6,Semi-arid,Rice
Maharashtra,Solapur,Red,Rabi,1,3.9,Arid,Sunflower
Gujarat,Surat,Laterite,Kharif,1,18.8,Humid,Groundnut
Maharashtra,Kolhapur,Sandy,Zaid,1,5.5,Humid,Groundnut
Maharashtra,Nashik,Black,Zaid,0,21.2,Semi-arid,Sunflower
Gujarat,Junagadh,Clay,Zaid,1,18.2,Arid,Onion
Maharashtra,Pune,Laterite,Kharif,1,9.7,Semi-arid,Tur
Karnataka,Belgaum,Loamy,Rabi,1,6.2,Semi-arid,Wheat
Maharashtra,Kolhapur,Red,Rabi,1,11.4,Humid,Sunflower
Karnataka,Belgaum,Loamy,Rabi,0,0.7,Semi-arid,Wheat
Karnataka,Bangalore Rural,Alluvial,Zaid,1,24.7,Semi-arid,Onion
Karnataka,Hubli,Black,Rabi,1,21.6,Semi-arid,Sunflower
Karnataka,Belgaum,Alluvial,Zaid,1,6.3,Semi-arid,Onion
Gujarat,Ahmedabad,Clay,Kharif,1,13.7,Arid,Rice
Karnataka,Belgaum,Loamy,Zaid,1,11.2,Semi-arid,Sunflower
Karnataka,Gulbarga,Alluvial,Kharif,1,21.1,Semi-arid,Maize
Karnataka,Hubli,Black,Rabi,1,4.5,Semi-arid,Wheat
Karnataka,Mysore,Loamy,Zaid,1,1.0,Humid,Sunflower
Maharashtra,Nagpur,Sandy,Kharif,1,4.7,Sub-humid,Groundnut
Maharashtra,Kolhapur,Laterite,Zaid,0,0.8,Humid,Groundnut
Maharashtra,Nagpur,Red,Zaid,1,20.2,Sub-humid,Sunflower
Maharashtra,Ahmednagar,Laterite,Zaid,0,23.8,Semi-arid,Groundnut
Gujarat,Rajkot,Red,Rabi,1,11.5,Semi-arid,Sunflower
Karnataka,Belgaum,Laterite,Kharif,1,13.9,Semi-arid,Groundnut
Karnataka,Gulbarga,Black,Zaid,0,5.6,Semi-arid,Sunflower
Gujarat,Surat,Black,Zaid,1,21.4,Humid,Sunflower
Maharashtra,Kolhapur,Red,Zaid,0,12.9,Humid,Maize
Karnataka,Gulbarga,Red,Zaid,1,5.2,Semi-arid,Groundnut
Maharashtra,Pune,Loamy,Zaid,0,15.8,Semi-arid,Sunflower
Gujarat,Ahmedabad,Black,Kharif,1,16.1,Arid,Sunflower
Gujarat,Surat,Red,Rabi,0,9.9,Humid,Sunflower
Karnataka,Mysore,Loamy,Zaid,1,16.2,Humid,Sunflower
Maharashtra,Solapur,Loamy,Rabi,0,5.5,Arid,Gram
Karnataka,Hubli,Red,Zaid,1,22.2,Semi-arid,Maize
Gujarat,Vadodara,Clay,Zaid,1,21.4,Semi-arid,Sunflower
Gujarat,Junagadh,Clay,Kharif,1,4.1,Arid,Rice
Maharashtra,Solapur,Sandy,Kharif,1,12.4,Arid,Groundnut
Maharashtra,Nagpur,Black,Kharif,1,24.2,Sub-humid,Cotton
Gujarat,Junagadh,Sandy,Rabi,0,14.1,Arid,Gram
Karnataka,Hubli,Laterite,Kharif,1,5.4,Semi-arid,Tur
Maharashtra,Ahmednagar,Laterite,Rabi,1,14.8,Semi-arid,Onion
Maharashtra,Kolhapur,Loamy,Zaid,1,6.1,Humid,Sunflower
Karnataka,Belgaum,Red,Rabi,1,15.8,Semi-arid,Sunflower
Gujarat,Surat,Black,Rabi,1,7.8,Humid,Gram
Gujarat,Rajkot,Alluvial,Kharif,0,9.4,Semi-arid,Rice
Maharashtra,Satara,Loamy,Rabi,0,20.2,Humid,Wheat
Karnataka,Belgaum,Black,Kharif,1,17.0,Semi-arid,Sunflower
Maharashtra,Ahmednagar,Laterite,Rabi,1,5.1,Semi-arid,Onion
Gujarat,Surat,Red,Rabi,1,18.8,Humid,Sunflower
Gujarat,Rajkot,Laterite,Kharif,1,15.5,Semi-arid,Tur
Maharashtra,Nagpur,Red,Kharif,0,6.7,Sub-humid,Sunflower
Karnataka,Gulbarga,Laterite,Rabi,1,9.3,Semi-arid,Gram
Maharashtra,Satara,Laterite,Rabi,1,18.3,Humid,Onion
Karnataka,Bangalore Rural,Clay,Zaid,1,16.4,Semi-arid,Groundnut
Karnataka,Hubli,Laterite,Zaid,1,8.5,Semi-arid,Groundnut
Gujarat,Vadodara,Alluvial,Kharif,1,19.5,Semi-arid,Rice
Gujarat,Rajkot,Red,Kharif,0,13.6,Semi-arid,Jowar
Maharashtra,Satara,Black,Rabi,1,8.4,Humid,Gram
Karnataka,Gulbarga,Alluvial,Zaid,0,18.1,Semi-arid,Onion
Gujarat,Surat,Black,Rabi,0,3.5,Humid,Sunflower
Gujarat,Ahmedabad,Laterite,Zaid,1,4.6,Arid,Groundnut
Karnataka,Belgaum,Laterite,Rabi,0,23.1,Semi-arid,Onion
Karnataka,Gulbarga,Alluvial,Zaid,1,15.3,Semi-arid,Maize
Karnataka,Mysore,Laterite,Kharif,0,20.4,Humid,Groundnut
Maharashtra,Nashik,Laterite,Kharif,1,11.2,Semi-arid,Groundnut
Maharashtra,Nagpur,Red,Rabi,0,23.1,Sub-humid,Sunflower
Maharashtra,Nashik,Clay,Rabi,1,12.1,Semi-arid,Gram
Gujarat,Surat,Clay,Kharif,1,2.0,Humid,Rice
Maharashtra,Solapur,Clay,Kharif,1,11.7,Arid,Rice
Karnataka,Bangalore Rural,Black,Rabi,1,12.9,Semi-arid,Wheat
Karnataka,Hubli,Black,Zaid,0,10.4,Semi-arid,Sunflower
Gujarat,Junagadh,Loamy,Zaid,1,21.2,Arid,Maize
Maharashtra,Kolhapur,Red,Zaid,0,9.0,Humid,Maize
Karnataka,Gulbarga,Clay,Kharif,1,19.3,Semi-arid,Rice
Karnataka,Hubli,Laterite,Kharif,1,17.7,Semi-arid,Groundnut
Gujarat,Surat,Sandy,Rabi,1,19.1,Humid,Gram
Maharashtra,Nagpur,Red,Kharif,1,4.7,Sub-humid,Jowar
Karnataka,Gulbarga,Alluvial,Kharif,1,13.1,Semi-arid,Maize
Gujarat,Vadodara,Red,Zaid,0,13.6,Semi-arid,Sunflower
Karnataka,Gulbarga,Loamy,Rabi,0,9.0,Semi-arid,Sunflower
Karnataka,Bangalore Rural,Black,Zaid,0,16.4,Semi-arid,Sunflower
Maharashtra,Pune,Sandy,Rabi,1,5.4,Semi-arid,Wheat
Gujarat,Vadodara,Sandy,Rabi,1,6.0,Semi-arid,Onion
Maharashtra,Ahmednagar,Sandy,Kharif,1,4.1,Semi-arid,Groundnut
Maharashtra,Ahmednagar,Alluvial,Rabi,0,10.9,Semi-arid,Onion
Maharashtra,Nashik,Black,Rabi,0,22.2,Semi-arid,Sunflower
Maharashtra,Satara,Laterite,Rabi,1,3.5,Humid,Wheat
Karnataka,Gulbarga,Loamy,Rabi,1,20.4,Semi-arid,Sunflower
Karnataka,Bangalore Rural,Sandy,Kharif,1,15.9,Semi-arid,Groundnut
Gujarat,Surat,Alluvial,Kharif,1,8.1,Humid,Maize
Karnataka,Mysore,Red,Rabi,0,16.2,Humid,Sunflower
Maharashtra,Ahmednagar,Laterite,Rabi,0,11.1,Semi-arid,Wheat
Karnataka,Mysore,Alluvial,Rabi,1,8.5,Humid,Wheat
Maharashtra,Pune,Loamy,Kharif,1,7.6,Semi-arid,Soybean
Maharashtra,Nashik,Red,Kharif,1,9.2,Semi-arid,Sunflower
Gujarat,Rajkot,Clay,Rabi,1,0.9,Semi-arid,Gram
Gujarat,Vadodara,Black,Zaid,1,12.9,Semi-arid,Sunflower
Gujarat,Rajkot,Alluvial,Rabi,0,11.9,Semi-arid,Gram
Maharashtra,Ahmednagar,Sandy,Zaid,1,23.5,Semi-arid,Groundnut
Karnataka,Bangalore Rural,Alluvial,Rabi,1,21.7,Semi-arid,Wheat
Maharashtra,Nagpur,Loamy,Kharif,1,22.0,Sub-humid,Maize
Gujarat,Junagadh,Laterite,Zaid,0,8.1,Arid,Groundnut
Maharashtra,Nashik,Sandy,Kharif,1,15.6,Semi-arid,Groundnut
Gujarat,Junagadh,Laterite,Zaid,1,2.3,Arid,Groundnut
Karnataka,Gulbarga,Loamy,Rabi,1,8.6,Semi-arid,Sunflower
Karnataka,Hubli,Red,Rabi,1,17.8,Semi-arid,Sunflower
Maharashtra,Nagpur,Black,Zaid,1,19.3,Sub-humid,Sunflower
Maharashtra,Kolhapur,Red,Kharif,1,10.7,Humid,Tur
Gujarat,Rajkot,Laterite,Rabi,1,19.2,Semi-arid,Wheat
Maharashtra,Aurangabad,Black,Rabi,1,13.0,Semi-arid,Wheat
Gujarat,Surat,Alluvial,Kharif,0,1.9,Humid,Rice
Karnataka,Belgaum,Laterite,Kharif,1,14.7,Semi-arid,Groundnut
Maharashtra,Aurangabad,Black,Kharif,1,20.6,Semi-arid,Sunflower
Gujarat,Ahmedabad,Loamy,Kharif,1,6.8,Arid,Cotton
Maharashtra,Nashik,Sandy,Zaid,0,10.1,Semi-arid,Groundnut
Maharashtra,Ahmednagar,Black,Kharif,1,23.5,Semi-arid,Soybean
Karnataka,Hubli,Red,Zaid,1,0.8,Semi-arid,Groundnut
Gujarat,Vadodara,Alluvial,Kharif,1,21.7,Semi-arid,Rice
Gujarat,Ahmedabad,Loamy,Kharif,1,3.7,Arid,Maize
Maharashtra,Pune,Laterite,Zaid,1,7.7,Semi-arid,Groundnut
Gujarat,Vadodara,Red,Kharif,0,20.5,Semi-arid,Cotton
Maharashtra,Ahmednagar,Laterite,Kharif,0,12.4,Semi-arid,Tur
Karnataka,Mysore,Alluvial,Kharif,0,6.3,Humid,Maize
Maharashtra,Nashik,Loamy,Zaid,1,16.4,Semi-arid,Sunflower
Karnataka,Mysore,Laterite,Rabi,1,21.9,Humid,Sunflower
Karnataka,Hubli,Loamy,Rabi,1,6.9,Semi-arid,Gram
Maharashtra,Satara,Loamy,Zaid,0,6.6,Humid,Maize
Gujarat,Vadodara,Black,Rabi,1,17.4,Semi-arid,Sunflower
Maharashtra,Satara,Loamy,Zaid,1,9.2,Humid,Maize
Karnataka,Gulbarga,Laterite,Rabi,1,19.2,Semi-arid,Onion
Karnataka,Hubli,Loamy,Rabi,1,19.8,Semi-arid,Gram
Maharashtra,Ahmednagar,Alluvial,Zaid,1,17.1,Semi-arid,Maize
Karnataka,Gulbarga,Red,Zaid,1,21.1,Semi-arid,Groundnut
Karnataka,Gulbarga,Red,Zaid,0,17.1,Semi-arid,Groundnut
Maharashtra,Nagpur,Sandy,Kharif,1,13.8,Sub-humid,Groundnut
Gujarat,Ahmedabad,Laterite,Rabi,0,18.2,Arid,Sunflower
Maharashtra,Aurangabad,Sandy,Rabi,0,23.9,Semi-arid,Wheat
Maharashtra,Kolhapur,Clay,Zaid,1,12.9,Humid,Onion
Karnataka,Gulbarga,Alluvial,Rabi,1,8.2,Semi-arid,Gram
Maharashtra,Nashik,Black,Kharif,1,8.6,Semi-arid,Soybean
Karnataka,Mysore,Loamy,Zaid,1,11.4,Humid,Sunflower
Gujarat,Junagadh,Black,Kharif,1,15.4,Arid,Jowar
Maharashtra,Pune,Clay,Kharif,1,6.9,Semi-arid,Rice
Karnataka,Gulbarga,Red,Rabi,0,11.4,Semi-arid,Sunflower
Maharashtra,Ahmednagar,Sandy,Rabi,0,3.6,Semi-arid,Onion
Karnataka,Hubli,Black,Zaid,1,11.6,Semi-arid,Sunflower
Gujarat,Rajkot,Clay,Rabi,1,22.5,Semi-arid,Wheat
Gujarat,Vadodara,Black,Kharif,1,19.2,Semi-arid,Cotton
Karnataka,Gulbarga,Loamy,Rabi,1,2.5,Semi-arid,Gram
Gujarat,Surat,Loamy,Rabi,1,25.0,Humid,Sunflower
Karnataka,Mysore,Red,Rabi,1,11.9,Humid,Sunflower
Gujarat,Vadodara,Sandy,Zaid,0,15.8,Semi-arid,Groundnut
Karnataka,Gulbarga,Alluvial,Rabi,1,3.8,Semi-arid,Gram
Karnataka,Gulbarga,Loamy,Rabi,0,11.6,Semi-arid,Gram
Gujarat,Ahmedabad,Sandy,Rabi,1,8.9,Arid,Wheat
Gujarat,Junagadh,Laterite,Zaid,1,17.6,Arid,Groundnut
Maharashtra,Ahmednagar,Loamy,Rabi,0,2.1,Semi-arid,Wheat
Karnataka,Mysore,Black,Zaid,1,16.4,Humid,Sunflower
Maharashtra,Aurangabad,Clay,Zaid,1,2.9,Semi-arid,Groundnut
Maharashtra,Solapur,Red,Kharif,0,11.9,Arid,Groundnut
Gujarat,Surat,Red,Rabi,0,8.8,Humid,Sunflower
Gujarat,Surat,Sandy,Rabi,0,18.9,Humid,Onion
Gujarat,Vadodara,Red,Kharif,1,16.6,Semi-arid,Cotton
Maharashtra,Aurangabad,Laterite,Zaid,0,11.5,Semi-arid,Groundnut
Maharashtra,Nashik,Clay,Zaid,0,6.5,Semi-arid,Maize
Karnataka,Belgaum,Alluvial,Kharif,1,5.2,Semi-arid,Maize
Gujarat,Junagadh,Laterite,Rabi,1,16.0,Arid,Onion
Maharashtra,Ahmednagar,Clay,Rabi,0,18.3,Semi-arid,Wheat
Maharashtra,Satara,Sandy,Rabi,0,10.2,Humid,Sunflower
Karnataka,Bangalore Rural,Clay,Zaid,0,8.5,Semi-arid,Maize
Gujarat,Rajkot,Sandy,Rabi,1,6.9,Semi-arid,Wheat
Gujarat,Junagadh,Sandy,Rabi,1,9.1,Arid,Sunflower
Karnataka,Hubli,Black,Kharif,0,24.1,Semi-arid,Soybean
Maharashtra,Satara,Sandy,Zaid,1,8.4,Humid,Groundnut
Karnataka,Hubli,Red,Zaid,0,17.0,Semi-arid,Maize
Maharashtra,Pune,Black,Zaid,0,1.3,Semi-arid,Sunflower
Gujarat,Rajkot,Clay,Zaid,1,6.3,Semi-arid,Maize
Karnataka,Gulbarga,Black,Zaid,0,24.4,Semi-arid,Sunflower
Gujarat,Ahmedabad,Alluvial,Rabi,0,14.6,Arid,Gram
Maharashtra,Ahmednagar,Red,Zaid,0,23.2,Semi-arid,Groundnut
Gujarat,Surat,Red,Zaid,0,1.9,Humid,Sunflower
Gujarat,Rajkot,Laterite,Zaid,0,5.3,Semi-arid,Groundnut
Karnataka,Belgaum,Loamy,Zaid,1,13.9,Semi-arid,Sunflower
Maharashtra,Pune,Laterite,Zaid,1,2.8,Semi-arid,Groundnut
Maharashtra,Solapur,Red,Zaid,0,4.0,Arid,Groundnut
Gujarat,Junagadh,Laterite,Kharif,1,4.6,Arid,Tur
Maharashtra,Nashik,Red,Kharif,1,6.1,Semi-arid,Maize
Gujarat,Junagadh,Clay,Rabi,1,22.3,Arid,Wheat
Maharashtra,Ahmednagar,Clay,Kharif,1,17.4,Semi-arid,Rice
Gujarat,Ahmedabad,Alluvial,Rabi,1,6.5,Arid,Wheat
Gujarat,Ahmedabad,Alluvial,Zaid,0,9.9,Arid,Onion
Gujarat,Vadodara,Alluvial,Kharif,0,23.4,Semi-arid,Rice
Maharashtra,Kolhapur,Sandy,Rabi,0,6.7,Humid,Sunflower
Maharashtra,Satara,Black,Kharif,1,18.2,Humid,Cotton
Karnataka,Gulbarga,Loamy,Kharif,1,11.7,Semi-arid,Maize
Gujarat,Rajkot,Clay,Zaid,1,15.1,Semi-arid,Groundnut
Maharashtra,Nashik,Red,Rabi,1,20.6,Semi-arid,Sunflower
Karnataka,Gulbarga,Laterite,Zaid,1,24.2,Semi-arid,Groundnut
Karnataka,Bangalore Rural,Sandy,Rabi,0,8.9,Semi-arid,Sunflower
Maharashtra,Satara,Alluvial,Rabi,1,19.7,Humid,Gram
Maharashtra,Satara,Black,Rabi,1,10.8,Humid,Gram
Gujarat,Junagadh,Loamy,Zaid,0,7.4,Arid,Maize
Maharashtra,Nagpur,Loamy,Zaid,0,12.7,Sub-humid,Sunflower
Karnataka,Hubli,Laterite,Rabi,0,4.8,Semi-arid,Gram
Maharashtra,Satara,Loamy,Zaid,1,13.6,Humid,Sunflower
Karnataka,Belgaum,Clay,Kharif,1,10.1,Semi-arid,Rice
Maharashtra,Nagpur,Red,Zaid,1,10.7,Sub-humid,Groundnut
Karnataka,Bangalore Rural,Clay,Kharif,1,5.7,Semi-arid,Rice
Karnataka,Hubli,Black,Zaid,0,21.4,Semi-arid,Sunflower
Maharashtra,Aurangabad,Loamy,Zaid,1,1.0,Semi-arid,Sunflower
Karnataka,Mysore,Red,Rabi,0,18.8,Humid,Sunflower
Maharashtra,Aurangabad,Black,Zaid,0,9.9,Semi-arid,Sunflower
Maharashtra,Nashik,Laterite,Kharif,0,10.7,Semi-arid,Groundnut
Maharashtra,Nagpur,Black,Zaid,1,12.5,Sub-humid,Sunflower
Karnataka,Hubli,Sandy,Zaid,1,11.3,Semi-arid,Groundnut
Karnataka,Belgaum,Clay,Rabi,0,0.5,Semi-arid,Wheat
Maharashtra,Solapur,Laterite,Rabi,1,5.8,Arid,Gram
Karnataka,Hubli,Loamy,Zaid,1,22.5,Semi-arid,Maize
Karnataka,Belgaum,Sandy,Kharif,1,19.6,Semi-arid,Groundnut
Gujarat,Vadodara,Red,Kharif,0,17.9,Semi-arid,Sunflower
Karnataka,Mysore,Loamy,Rabi,0,16.8,Humid,Sunflower
Maharashtra,Aurangabad,Alluvial,Rabi,0,4.8,Semi-arid,Onion
Gujarat,Ahmedabad,Clay,Kharif,0,0.6,Arid,Rice
Maharashtra,Pune,Red,Kharif,1,24.7,Semi-arid,Sunflower
Gujarat,Surat,Clay,Kharif,1,7.4,Humid,Rice
Karnataka,Belgaum,Alluvial,Rabi,1,17.7,Semi-arid,Gram
Gujarat,Surat,Clay,Zaid,0,4.1,Humid,Groundnut
Karnataka,Belgaum,Black,Kharif,1,8.1,Semi-arid,Sunflower
Gujarat,Junagadh,Black,Kharif,1,23.7,Arid,Sunflower
Maharashtra,Pune,Loamy,Zaid,1,23.4,Semi-arid,Sunflower
Karnataka,Gulbarga,Black,Kharif,0,1.7,Semi-arid,Cotton
Gujarat,Ahmedabad,Loamy,Rabi,1,24.6,Arid,Gram
Gujarat,Ahmedabad,Red,Kharif,1,1.7,Arid,Jowar
Karnataka,Gulbarga,Laterite,Kharif,0,18.0,Semi-arid,Tur
Karnataka,Belgaum,Red,Kharif,0,12.4,Semi-arid,Cotton
Maharashtra,Pune,Alluvial,Kharif,0,15.5,Semi-arid,Maize
Gujarat,Rajkot,Laterite,Rabi,1,15.9,Semi-arid,Gram
Gujarat,Rajkot,Laterite,Kharif,0,5.6,Semi-arid,Tur
Maharashtra,Solapur,Red,Rabi,1,7.8,Arid,Sunflower
Maharashtra,Satara,Clay,Zaid,1,3.0,Humid,Groundnut
Karnataka,Gulbarga,Laterite,Zaid,0,17.6,Semi-arid,Groundnut
Maharashtra,Satara,Black,Rabi,0,3.6,Humid,Wheat
Karnataka,Gulbarga,Laterite,Zaid,1,4.4,Semi-arid,Groundnut
Gujarat,Junagadh,Clay,Zaid,1,20.5,Arid,Onion
Maharashtra,Aurangabad,Black,Rabi,1,10.2,Semi-arid,Wheat
Gujarat,Junagadh,Red,Zaid,1,1.9,Arid,Maize
Maharashtra,Pune,Sandy,Rabi,1,6.3,Semi-arid,Wheat
Maharashtra,Nashik,Laterite,Kharif,1,6.4,Semi-arid,Tur
Gujarat,Surat,Sandy,Kharif,1,5.7,Humid,Groundnut
Gujarat,Surat,Clay,Zaid,1,24.2,Humid,Maize
Maharashtra,Solapur,Black,Rabi,1,19.1,Arid,Sunflower
Maharashtra,Kolhapur,Clay,Zaid,1,7.5,Humid,Sunflower
Maharashtra,Satara,Sandy,Rabi,1,11.8,Humid,Wheat
Karnataka,Hubli,Loamy,Zaid,0,3.6,Semi-arid,Maize
Karnataka,Gulbarga,Loamy,Rabi,0,8.4,Semi-arid,Sunflower
Karnataka,Hubli,Sandy,Rabi,1,11.6,Semi-arid,Sunflower
Karnataka,Hubli,Clay,Zaid,1,3.2,Semi-arid,Maize
Gujarat,Ahmedabad,Loamy,Rabi,1,4.2,Arid,Sunflower
Maharashtra,Kolhapur,Loamy,Kharif,1,2.4,Humid,Maize
Gujarat,Vadodara,Laterite,Rabi,0,16.1,Semi-arid,Wheat
Gujarat,Vadodara,Red,Zaid,0,3.4,Semi-arid,Sunflower
Karnataka,Hubli,Clay,Rabi,1,24.8,Semi-arid,Gram
Gujarat,Junagadh,Loamy,Rabi,1,17.2,Arid,Sunflower
Karnataka,Mysore,Loamy,Zaid,1,12.6,Humid,Sunflower
Karnataka,Gulbarga,Sandy,Rabi,1,5.5,Semi-arid,Onion
Maharashtra,Nashik,Red,Kharif,1,7.3,Semi-arid,Sunflower
Gujarat,Surat,Clay,Rabi,1,22.1,Humid,Wheat
Karnataka,Hubli,Loamy,Zaid,1,12.7,Semi-arid,Maize
Karnataka,Bangalore Rural,Clay,Kharif,1,9.3,Semi-arid,Rice
Gujarat,Surat,Sandy,Rabi,0,23.5,Humid,Onion
Karnataka,Belgaum,Red,Kharif,0,15.5,Semi-arid,Cotton
Maharashtra,Nashik,Alluvial,Rabi,1,19.3,Semi-arid,Wheat
Gujarat,Surat,Clay,Rabi,0,17.2,Humid,Wheat
Maharashtra,Solapur,Laterite,Zaid,0,3.1,Arid,Groundnut
Gujarat,Surat,Black,Kharif,0,17.8,Humid,Cotton
Karnataka,Bangalore Rural,Loamy,Rabi,1,23.9,Semi-arid,Sunflower
Maharashtra,Ahmednagar,Clay,Kharif,1,4.8,Semi-arid,Rice
Gujarat,Vadodara,Alluvial,Zaid,1,16.8,Semi-arid,Maize
Karnataka,Hubli,Alluvial,Rabi,1,10.7,Semi-arid,Gram
Maharashtra,Nashik,Black,Rabi,1,11.9,Semi-arid,Sunflower
Gujarat,Surat,Loamy,Zaid,1,23.0,Humid,Sunflower
Karnataka,Belgaum,Red,Zaid,0,4.3,Semi-arid,Sunflower
Gujarat,Surat,Laterite,Rabi,0,8.9,Humid,Wheat
Gujarat,Surat,Black,Zaid,1,14.0,Humid,Sunflower
Gujarat,Junagadh,Clay,Kharif,0,5.3,Arid,Rice
Gujarat,Rajkot,Black,Zaid,1,11.4,Semi-arid,Sunflower
Maharashtra,Satara,Black,Rabi,1,4.0,Humid,Gram
Gujarat,Junagadh,Clay,Rabi,0,9.1,Arid,Gram
Karnataka,Mysore,Loamy,Zaid,1,4.5,Humid,Sunflower
Maharashtra,Aurangabad,Laterite,Rabi,1,20.3,Semi-arid,Gram
Gujarat,Vadodara,Clay,Kharif,1,23.4,Semi-arid,Rice
Maharashtra,Nashik,Sandy,Kharif,1,15.6,Semi-arid,Groundnut
Maharashtra,Nagpur,Black,Zaid,1,5.2,Sub-humid,Sunflower
Gujarat,Rajkot,Laterite,Rabi,1,1.4,Semi-arid,Onion
Karnataka,Bangalore Rural,Loamy,Kharif,1,18.7,Semi-arid,Maize
Karnataka,Bangalore Rural,Sandy,Rabi,1,3.1,Semi-arid,Onion
Karnataka,Mysore,Loamy,Zaid,1,24.5,Humid,Sunflower
Maharashtra,Solapur,Alluvial,Zaid,1,1.4,Arid,Onion
Karnataka,Hubli,Black,Kharif,0,8.1,Semi-arid,Cotton
Maharashtra,Solapur,Laterite,Kharif,1,15.9,Arid,Groundnut
Gujarat,Ahmedabad,Laterite,Rabi,1,8.8,Arid,Wheat
Karnataka,Mysore,Black,Kharif,0,14.7,Humid,Jowar
Karnataka,Mysore,Clay,Kharif,1,17.4,Humid,Rice
Gujarat,Rajkot,Clay,Kharif,1,20.9,Semi-arid,Rice
Maharashtra,Nagpur,Alluvial,Kharif,1,24.8,Sub-humid,Maize
Karnataka,Mysore,Loamy,Rabi,1,13.9,Humid,Wheat
Karnataka,Bangalore Rural,Black,Zaid,1,1.1,Semi-arid,Sunflower
Maharashtra,Pune,Laterite,Rabi,1,5.5,Semi-arid,Sunflower
Gujarat,Ahmedabad,Loamy,Rabi,0,19.5,Arid,Wheat
Gujarat,Surat,Laterite,Zaid,1,8.7,Humid,Groundnut
Maharashtra,Satara,Sandy,Rabi,1,19.7,Humid,Gram
Karnataka,Mysore,Red,Kharif,1,19.5,Humid,Jowar
Maharashtra,Ahmednagar,Black,Rabi,1,13.5,Semi-arid,Sunflower
Gujarat,Vadodara,Alluvial,Rabi,1,13.7,Semi-arid,Wheat
Maharashtra,Ahmednagar,Alluvial,Rabi,1,1.7,Semi-arid,Gram
Karnataka,Belgaum,Sandy,Zaid,1,17.3,Semi-arid,Groundnut
Karnataka,Belgaum,Alluvial,Rabi,1,17.7,Semi-arid,Wheat
Gujarat,Rajkot,Clay,Zaid,0,18.3,Semi-arid,Groundnut
Gujarat,Rajkot,Black,Rabi,1,19.0,Semi-arid,Gram
Karnataka,Bangalore Rural,Sandy,Zaid,1,9.3,Semi-arid,Groundnut
Gujarat,Surat,Laterite,Zaid,1,18.0,Humid,Groundnut
Karnataka,Belgaum,Black,Kharif,1,9.6,Semi-arid,Cotton
Gujarat,Surat,Black,Kharif,1,2.5,Humid,Sunflower
Gujarat,Ahmedabad,Laterite,Zaid,0,19.4,Arid,Groundnut
Gujarat,Rajkot,Red,Kharif,1,19.7,Semi-arid,Tur
Gujarat,Rajkot,Loamy,Kharif,1,21.2,Semi-arid,Sunflower
Gujarat,Ahmedabad,Alluvial,Rabi,1,5.7,Arid,Wheat
Gujarat,Junagadh,Sandy,Kharif,0,18.5,Arid,Groundnut
Maharashtra,Kolhapur,Red,Kharif,0,23.2,Humid,Cotton
Gujarat,Ahmedabad,Loamy,Zaid,1,22.3,Arid,Maize
Gujarat,Vadodara,Red,Rabi,0,24.2,Semi-arid,Sunflower
Gujarat,Ahmedabad,Black,Kharif,1,12.8,Arid,Cotton
Gujarat,Ahmedabad,Black,Kharif,1,7.7,Arid,Cotton
Maharashtra,Satara,Loamy,Zaid,1,0.5,Humid,Maize
Karnataka,Gulbarga,Black,Rabi,1,10.4,Semi-arid,Wheat
Karnataka,Bangalore Rural,Sandy,Kharif,1,8.9,Semi-arid,Groundnut
Gujarat,Vadodara,Black,Rabi,1,16.1,Semi-arid,Wheat
Karnataka,Bangalore Rural,Sandy,Zaid,0,23.6,Semi-arid,Groundnut
Karnataka,Hubli,Clay,Rabi,1,18.1,Semi-arid,Gram
Maharashtra,Aurangabad,Black,Rabi,1,9.9,Semi-arid,Wheat
Karnataka,Mysore,Loamy,Rabi,1,19.3,Humid,Wheat
Maharashtra,Kolhapur,Black,Zaid,1,20.3,Humid,Sunflower
Karnataka,Hubli,Alluvial,Rabi,0,19.7,Semi-arid,Gram
Gujarat,Surat,Black,Kharif,1,17.0,Humid,Soybean
Maharashtra,Solapur,Black,Kharif,1,5.4,Arid,Sunflower
Karnataka,Gulbarga,Clay,Rabi,0,19.3,Semi-arid,Wheat
Karnataka,Bangalore Rural,Clay,Zaid,1,18.7,Semi-arid,Maize
Gujarat,Ahmedabad,Sandy,Rabi,0,2.2,Arid,Gram
Gujarat,Junagadh,Black,Rabi,1,19.0,Arid,Wheat
Gujarat,Rajkot,Loamy,Zaid,1,22.5,Semi-arid,Sunflower
Gujarat,Ahmedabad,Red,Rabi,1,21.7,Arid,Sunflower
Karnataka,Bangalore Rural,Red,Zaid,1,8.4,Semi-arid,Groundnut
Gujarat,Ahmedabad,Red,Kharif,0,10.0,Arid,Groundnut
Maharashtra,Solapur,Laterite,Zaid,0,10.2,Arid,Groundnut
Karnataka,Belgaum,Clay,Kharif,1,20.9,Semi-arid,Rice
Maharashtra,Solapur,Clay,Rabi,1,6.9,Arid,Wheat
Gujarat,Rajkot,Alluvial,Zaid,1,13.5,Semi-arid,Maize
Karnataka,Bangalore Rural,Sandy,Zaid,1,20.1,Semi-arid,Groundnut
Gujarat,Surat,Clay,Rabi,0,16.7,Humid,Gram
Karnataka,Hubli,Red,Kharif,1,18.8,Semi-arid,Sunflower
Maharashtra,Satara,Red,Rabi,0,23.3,Humid,Sunflower
Maharashtra,Nagpur,Black,Kharif,1,5.8,Sub-humid,Cotton
Gujarat,Ahmedabad,Clay,Zaid,0,6.5,Arid,Maize
Maharashtra,Aurangabad,Sandy,Zaid,0,11.0,Semi-arid,Groundnut
Karnataka,Gulbarga,Sandy,Kharif,0,12.1,Semi-arid,Groundnut
Gujarat,Ahmedabad,Red,Kharif,1,23.6,Arid,Cotton
Gujarat,Surat,Black,Rabi,1,14.5,Humid,Wheat
Maharashtra,Nashik,Black,Rabi,1,2.3,Semi-arid,Wheat
Maharashtra,Kolhapur,Black,Rabi,1,8.0,Humid,Sunflower
Gujarat,Vadodara,Black,Zaid,0,14.5,Semi-arid,Sunflower
Maharashtra,Pune,Black,Zaid,1,2.1,Semi-arid,Sunflower
Karnataka,Gulbarga,Red,Rabi,1,15.5,Semi-arid,Sunflower
Maharashtra,Nagpur,Laterite,Rabi,1,15.3,Sub-humid,Wheat
Karnataka,Hubli,Sandy,Kharif,1,14.9,Semi-arid,Groundnut
Maharashtra,Ahmednagar,Sandy,Kharif,1,7.2,Semi-arid,Groundnut
Gujarat,Ahmedabad,Red,Rabi,0,14.0,Arid,Sunflower
Karnataka,Bangalore Rural,Black,Kharif,1,12.0,Semi-arid,Sunflower
Gujarat,Junagadh,Alluvial,Kharif,1,1.9,Arid,Maize
Karnataka,Mysore,Sandy,Zaid,0,20.5,Humid,Groundnut
Maharashtra,Kolhapur,Alluvial,Rabi,0,1.8,Humid,Gram
Maharashtra,Nashik,Sandy,Kharif,1,23.3,Semi-arid,Groundnut
Maharashtra,Satara,Loamy,Rabi,0,19.4,Humid,Wheat
Karnataka,Hubli,Clay,Rabi,1,3.5,Semi-arid,Wheat
Karnataka,Gulbarga,Loamy,Kharif,1,23.4,Semi-arid,Cotton
Gujarat,Rajkot,Alluvial,Kharif,1,14.8,Semi-arid,Rice
Karnataka,Hubli,Red,Rabi,1,8.6,Semi-arid,Sunflower
Gujarat,Vadodara,Sandy,Kharif,1,21.4,Semi-arid,Groundnut
Gujarat,Ahmedabad,Alluvial,Kharif,1,3.1,Arid,Rice
Karnataka,Belgaum,Alluvial,Zaid,1,22.8,Semi-arid,Onion
Karnataka,Hubli,Black,Zaid,0,8.2,Semi-arid,Sunflower
Maharashtra,Nagpur,Sandy,Zaid,1,18.5,Sub-humid,Groundnut
Karnataka,Mysore,Black,Rabi,1,12.4,Humid,Wheat
Maharashtra,Pune,Black,Kharif,1,13.6,Semi-arid,Jowar
Gujarat,Rajkot,Clay,Rabi,1,21.1,Semi-arid,Gram
Gujarat,Junagadh,Black,Zaid,1,21.0,Arid,Sunflower
Maharashtra,Satara,Loamy,Rabi,1,20.1,Humid,Gram
Maharashtra,Ahmednagar,Sandy,Zaid,0,15.9,Semi-arid,Groundnut
Gujarat,Ahmedabad,Laterite,Kharif,0,9.7,Arid,Tur
Maharashtra,Solapur,Alluvial,Zaid,1,9.8,Arid,Onion
Gujarat,Vadodara,Clay,Zaid,0,21.7,Semi-arid,Groundnut
Gujarat,Junagadh,Sandy,Kharif,1,7.4,Arid,Groundnut
Karnataka,Hubli,Sandy,Zaid,1,3.7,Semi-arid,Groundnut
Maharashtra,Kolhapur,Red,Kharif,1,19.1,Humid,Maize
Maharashtra,Pune,Clay,Kharif,1,2.3,Semi-arid,Rice
Karnataka,Gulbarga,Clay,Zaid,0,19.9,Semi-arid,Groundnut
Gujarat,Vadodara,Alluvial,Kharif,0,9.3,Semi-arid,Rice
Maharashtra,Pune,Loamy,Rabi,0,13.5,Semi-arid,Gram
Gujarat,Vadodara,Loamy,Rabi,1,3.6,Semi-arid,Wheat
Maharashtra,Kolhapur,Clay,Zaid,1,5.4,Humid,Sunflower
Karnataka,Belgaum,Clay,Zaid,1,9.8,Semi-arid,Maize
Maharashtra,Aurangabad,Red,Rabi,1,23.4,Semi-arid,Sunflower
Karnataka,Belgaum,Loamy,Kharif,1,12.0,Semi-arid,Maize
Maharashtra,Nagpur,Sandy,Zaid,1,17.5,Sub-humid,Groundnut
Karnataka,Belgaum,Red,Zaid,0,20.6,Semi-arid,Groundnut
Maharashtra,Aurangabad,Alluvial,Kharif,1,17.4,Semi-arid,Maize
Gujarat,Rajkot,Loamy,Kharif,1,17.1,Semi-arid,Cotton
Maharashtra,Nashik,Black,Zaid,1,17.9,Semi-arid,Sunflower
Maharashtra,Kolhapur,Laterite,Zaid,1,18.8,Humid,Groundnut
Maharashtra,Nashik,Loamy,Zaid,0,15.3,Semi-arid,Maize
Gujarat,Vadodara,Clay,Kharif,1,0.7,Semi-arid,Rice
Karnataka,Belgaum,Sandy,Zaid,0,7.0,Semi-arid,Groundnut
Maharashtra,Ahmednagar,Laterite,Kharif,0,10.2,Semi-arid,Tur
Karnataka,Hubli,Clay,Zaid,1,18.4,Semi-arid,Groundnut
Maharashtra,Pune,Black,Zaid,0,13.4,Semi-arid,Sunflower
Gujarat,Ahmedabad,Clay,Rabi,1,20.2,Arid,Gram
Maharashtra,Nashik,Red,Kharif,0,13.2,Semi-arid,Groundnut
Karnataka,Gulbarga,Loamy,Zaid,1,10.0,Semi-arid,Maize
Karnataka,Mysore,Loamy,Kharif,1,1.0,Humid,Soybean
Maharashtra,Nashik,Sandy,Kharif,1,23.1,Semi-arid,Groundnut
Karnataka,Belgaum,Loamy,Zaid,1,10.5,Semi-arid,Maize
Karnataka,Bangalore Rural,Alluvial,Kharif,1,15.7,Semi-arid,Maize
Maharashtra,Aurangabad,Laterite,Kharif,0,17.4,Semi-arid,Groundnut
Karnataka,Gulbarga,Clay,Kharif,1,6.3,Semi-arid,Rice
Maharashtra,Satara,Laterite,Zaid,1,6.9,Humid,Groundnut
Karnataka,Belgaum,Red,Rabi,0,10.7,Semi-arid,Sunflower
Gujarat,Rajkot,Red,Zaid,1,13.2,Semi-arid,Sunflower
Gujarat,Ahmedabad,Loamy,Rabi,0,3.3,Arid,Wheat
Karnataka,Mysore,Red,Rabi,1,2.2,Humid,Sunflower
Karnataka,Hubli,Alluvial,Rabi,1,11.8,Semi-arid,Wheat
Gujarat,Surat,Alluvial,Kharif,1,24.6,Humid,Rice
Karnataka,Mysore,Alluvial,Kharif,1,14.5,Humid,Maize
Maharashtra,Aurangabad,Loamy,Rabi,1,2.4,Semi-arid,Sunflower
Gujarat,Ahmedabad,Laterite,Zaid,1,20.6,Arid,Groundnut
Gujarat,Rajkot,Clay,Zaid,0,7.5,Semi-arid,Sunflower
Karnataka,Hubli,Red,Kharif,1,17.9,Semi-arid,Cotton
Gujarat,Vadodara,Red,Kharif,1,22.2,Semi-arid,Sunflower
Gujarat,Surat,Alluvial,Rabi,0,16.5,Humid,Onion
Karnataka,Gulbarga,Black,Kharif,0,19.4,Semi-arid,Cotton
Gujarat,Rajkot,Loamy,Rabi,1,12.8,Semi-arid,Gram
Gujarat,Rajkot,Black,Rabi,1,4.8,Semi-arid,Wheat
Gujarat,Vadodara,Black,Kharif,0,23.3,Semi-arid,Jowar
Gujarat,Surat,Loamy,Rabi,1,22.9,Humid,Sunflower
Maharashtra,Ahmednagar,Loamy,Zaid,0,10.8,Semi-arid,Sunflower
Karnataka,Belgaum,Loamy,Kharif,1,4.1,Semi-arid,Sunflower
Gujarat,Junagadh,Black,Kharif,0,22.9,Arid,Jowar
Karnataka,Gulbarga,Alluvial,Kharif,0,6.8,Semi-arid,Rice
Karnataka,Bangalore Rural,Black,Rabi,1,14.3,Semi-arid,Sunflower
Gujarat,Vadodara,Red,Kharif,0,9.5,Semi-arid,Cotton
Karnataka,Hubli,Black,Zaid,0,19.6,Semi-arid,Sunflower
Karnataka,Mysore,Sandy,Rabi,1,12.3,Humid,Onion
Maharashtra,Solapur,Laterite,Kharif,1,20.9,Arid,Tur
Gujarat,Surat,Alluvial,Rabi,1,24.6,Humid,Wheat
Maharashtra,Kolhapur,Black,Zaid,1,20.5,Humid,Sunflower
Karnataka,Gulbarga,Loamy,Zaid,1,12.4,Semi-arid,Maize
Maharashtra,Nashik,Laterite,Rabi,1,1.2,Semi-arid,Sunflower
Maharashtra,Satara,Sandy,Kharif,0,15.3,Humid,Groundnut
Karnataka,Gulbarga,Alluvial,Kharif,1,20.7,Semi-arid,Rice
Maharashtra,Ahmednagar,Black,Kharif,0,13.9,Semi-arid,Cotton
Maharashtra,Solapur,Red,Rabi,0,16.5,Arid,Sunflower
Karnataka,Hubli,Black,Kharif,1,7.2,Semi-arid,Jowar
Karnataka,Mysore,Alluvial,Kharif,1,10.4,Humid,Maize
Karnataka,Belgaum,Alluvial,Zaid,1,16.9,Semi-arid,Onion
Karnataka,Hubli,Black,Kharif,1,13.5,Semi-arid,Sunflower
Maharashtra,Ahmednagar,Clay,Zaid,1,5.8,Semi-arid,Sunflower
Gujarat,Vadodara,Clay,Zaid,1,21.6,Semi-arid,Onion
Maharashtra,Kolhapur,Clay,Kharif,1,1.7,Humid,Rice
Gujarat,Ahmedabad,Loamy,Zaid,0,10.2,Arid,Sunflower
Gujarat,Ahmedabad,Sandy,Zaid,1,11.6,Arid,Groundnut
Gujarat,Rajkot,Alluvial,Kharif,1,0.8,Semi-arid,Maize
Maharashtra,Nashik,Black,Zaid,0,23.7,Semi-arid,Sunflower
Karnataka,Bangalore Rural,Black,Zaid,0,12.3,Semi-arid,Sunflower
Maharashtra,Pune,Sandy,Zaid,1,22.6,Semi-arid,Groundnut
Gujarat,Surat,Sandy,Kharif,1,4.5,Humid,Groundnut
Maharashtra,Aurangabad,Loamy,Kharif,1,12.8,Semi-arid,Soybean
Maharashtra,Ahmednagar,Red,Rabi,1,7.4,Semi-arid,Sunflower
Gujarat,Ahmedabad,Clay,Zaid,1,1.1,Arid,Onion
Gujarat,Vadodara,Sandy,Zaid,0,3.7,Semi-arid,Groundnut
Gujarat,Ahmedabad,Black,Rabi,1,4.2,Arid,Gram
Karnataka,Gulbarga,Alluvial,Zaid,1,24.3,Semi-arid,Maize
Maharashtra,Ahmednagar,Red,Zaid,1,13.1,Semi-arid,Groundnut
Karnataka,Mysore,Laterite,Zaid,1,2.6,Humid,Groundnut
Gujarat,Junagadh,Laterite,Rabi,1,4.1,Arid,Onion
Gujarat,Ahmedabad,Laterite,Zaid,1,22.3,Arid,Groundnut
Maharashtra,Aurangabad,Sandy,Rabi,1,1.1,Semi-arid,Wheat
Maharashtra,Aurangabad,Sandy,Kharif,1,3.6,Semi-arid,Groundnut
Maharashtra,Satara,Red,Zaid,0,19.4,Humid,Sunflower
Maharashtra,Ahmednagar,Laterite,Kharif,0,5.3,Semi-arid,Tur
Karnataka,Mysore,Clay,Zaid,0,25.0,Humid,Sunflower
Maharashtra,Nagpur,Sandy,Rabi,1,12.2,Sub-humid,Gram
Maharashtra,Aurangabad,Clay,Kharif,1,21.0,Semi-arid,Rice
Karnataka,Belgaum,Black,Kharif,1,8.1,Semi-arid,Cotton
Karnataka,Belgaum,Sandy,Rabi,1,13.8,Semi-arid,Sunflower
Gujarat,Surat,Laterite,Rabi,0,2.5,Humid,Onion
Maharashtra,Pune,Red,Kharif,0,24.0,Semi-arid,Tur
Gujarat,Junagadh,Sandy,Zaid,1,21.6,Arid,Groundnut
Gujarat,Ahmedabad,Sandy,Kharif,1,16.9,Arid,Groundnut
Karnataka,Gulbarga,Black,Kharif,1,14.1,Semi-arid,Jowar
Gujarat,Surat,Black,Kharif,1,6.0,Humid,Sunflower
Gujarat,Surat,Loamy,Rabi,0,7.5,Humid,Sunflower
Karnataka,Belgaum,Alluvial,Zaid,0,16.6,Semi-arid,Onion
Karnataka,Gulbarga,Alluvial,Rabi,1,13.9,Semi-arid,Onion
Gujarat,Junagadh,Alluvial,Kharif,1,12.8,Arid,Rice
Maharashtra,Ahmednagar,Laterite,Rabi,0,7.7,Semi-arid,Wheat
Gujarat,Vadodara,Red,Kharif,1,1.6,Semi-arid,Groundnut
Karnataka,Bangalore Rural,Clay,Zaid,1,14.5,Semi-arid,Sunflower
Maharashtra,Ahmednagar,Sandy,Kharif,1,13.8,Semi-arid,Groundnut
Karnataka,Mysore,Sandy,Zaid,0,12.8,Humid,Groundnut
Maharashtra,Satara,Laterite,Rabi,1,23.8,Humid,Onion
Maharashtra,Nashik,Clay,Zaid,0,12.5,Semi-arid,Sunflower
Maharashtra,Solapur,Alluvial,Kharif,0,17.1,Arid,Rice
Maharashtra,Kolhapur,Red,Kharif,1,2.3,Humid,Maize
Gujarat,Junagadh,Alluvial,Rabi,0,22.2,Arid,Wheat
Gujarat,Surat,Black,Rabi,1,16.9,Humid,Sunflower
Maharashtra,Ahmednagar,Black,Zaid,1,16.9,Semi-arid,Sunflower
Gujarat,Ahmedabad,Loamy,Rabi,1,4.9,Arid,Wheat
Karnataka,Mysore,Laterite,Kharif,1,18.7,Humid,Tur
Maharashtra,Kolhapur,Sandy,Kharif,0,9.0,Humid,Groundnut
Maharashtra,Pune,Red,Rabi,1,14.6,Semi-arid,Sunflower
Karnataka,Mysore,Sandy,Rabi,0,23.1,Humid,Sunflower
Maharashtra,Ahmednagar,Alluvial,Rabi,0,24.4,Semi-arid,Gram
Gujarat,Junagadh,Sandy,Rabi,1,13.1,Arid,Sunflower
Maharashtra,Nagpur,Red,Rabi,1,2.3,Sub-humid,Sunflower
Gujarat,Ahmedabad,Black,Kharif,1,12.2,Arid,Soybean
Gujarat,Junagadh,Sandy,Kharif,1,16.9,Arid,Groundnut
Maharashtra,Nashik,Red,Kharif,1,19.4,Semi-arid,Jowar
Karnataka,Mysore,Red,Rabi,0,13.3,Humid,Sunflower
Maharashtra,Ahmednagar,Alluvial,Zaid,1,15.6,Semi-arid,Maize
Maharashtra,Satara,Loamy,Rabi,0,8.1,Humid,Sunflower
Maharashtra,Kolhapur,Red,Kharif,1,22.1,Humid,Jowar
Maharashtra,Pune,Alluvial,Zaid,0,22.5,Semi-arid,Maize
Maharashtra,Pune,Sandy,Kharif,1,14.2,Semi-arid,Groundnut
Gujarat,Vadodara,Alluvial,Zaid,1,12.2,Semi-arid,Maize
Maharashtra,Kolhapur,Sandy,Rabi,1,7.3,Humid,Onion
Gujarat,Junagadh,Loamy,Zaid,1,4.0,Arid,Sunflower
Gujarat,Surat,Laterite,Zaid,1,3.2,Humid,Groundnut
Karnataka,Mysore,Black,Zaid,1,20.3,Humid,Sunflower
Gujarat,Ahmedabad,Red,Rabi,1,16.0,Arid,Sunflower
Gujarat,Rajkot,Laterite,Rabi,1,17.0,Semi-arid,Sunflower
Gujarat,Rajkot,Red,Kharif,1,1.6,Semi-arid,Cotton
Karnataka,Belgaum,Laterite,Kharif,1,20.5,Semi-arid,Tur
Karnataka,Belgaum,Red,Kharif,1,24.1,Semi-arid,Jowar
Karnataka,Bangalore Rural,Loamy,Kharif,1,18.0,Semi-arid,Sunflower
Maharashtra,Nashik,Clay,Zaid,0,16.4,Semi-arid,Maize
Karnataka,Gulbarga,Clay,Kharif,1,23.1,Semi-arid,Rice
Karnataka,Mysore,Sandy,Zaid,0,11.2,Humid,Groundnut
Karnataka,Bangalore Rural,Black,Zaid,0,12.5,Semi-arid,Sunflower
Karnataka,Gulbarga,Sandy,Kharif,1,13.9,Semi-arid,Groundnut
Karnataka,Mysore,Alluvial,Kharif,1,23.5,Humid,Maize
Gujarat,Ahmedabad,Loamy,Kharif,0,8.2,Arid,Maize
Maharashtra,Ahmednagar,Laterite,Rabi,1,21.2,Semi-arid,Sunflower
Gujarat,Ahmedabad,Alluvial,Rabi,1,6.1,Arid,Onion
Karnataka,Belgaum,Loamy,Kharif,1,16.0,Semi-arid,Soybean
Karnataka,Hubli,Clay,Kharif,0,23.3,Semi-arid,Rice
Maharashtra,Nagpur,Black,Rabi,0,1.4,Sub-humid,Gram
Gujarat,Ahmedabad,Alluvial,Kharif,0,21.0,Arid,Maize
Maharashtra,Satara,Alluvial,Rabi,0,3.7,Humid,Onion
Maharashtra,Solapur,Alluvial,Rabi,1,3.4,Arid,Gram
Karnataka,Hubli,Black,Zaid,0,7.7,Semi-arid,Sunflower
Karnataka,Hubli,Loamy,Kharif,1,22.1,Semi-arid,Cotton
Gujarat,Surat,Sandy,Kharif,1,24.3,Humid,Groundnut
Karnataka,Bangalore Rural,Loamy,Kharif,1,21.1,Semi-arid,Maize
Maharashtra,Solapur,Alluvial,Kharif,1,13.8,Arid,Rice
Karnataka,Bangalore Rural,Black,Rabi,1,11.7,Semi-arid,Gram
Gujarat,Junagadh,Clay,Zaid,1,10.2,Arid,Maize
Karnataka,Belgaum,Black,Zaid,0,11.3,Semi-arid,Sunflower
Gujarat,Junagadh,Clay,Kharif,1,10.7,Arid,Rice
Maharashtra,Aurangabad,Alluvial,Zaid,0,12.2,Semi-arid,Maize
Maharashtra,Solapur,Black,Zaid,1,12.6,Arid,Sunflower
Karnataka,Mysore,Alluvial,Zaid,1,0.6,Humid,Maize
Maharashtra,Nashik,Loamy,Kharif,1,10.6,Semi-arid,Sunflower
Gujarat,Vadodara,Loamy,Zaid,1,16.0,Semi-arid,Maize
Maharashtra,Ahmednagar,Black,Rabi,0,8.4,Semi-arid,Wheat
Gujarat,Ahmedabad,Loamy,Zaid,1,14.8,Arid,Maize
Gujarat,Surat,Clay,Kharif,1,4.1,Humid,Rice
Maharashtra,Satara,Laterite,Rabi,0,16.8,Humid,Gram
Gujarat,Surat,Loamy,Zaid,1,22.4,Humid,Sunflower
Karnataka,Bangalore Rural,Loamy,Rabi,1,19.2,Semi-arid,Gram
Gujarat,Vadodara,Sandy,Kharif,1,17.4,Semi-arid,Groundnut
Gujarat,Surat,Sandy,Zaid,1,6.9,Humid,Groundnut
Karnataka,Mysore,Loamy,Kharif,1,10.6,Humid,Maize
Maharashtra,Ahmednagar,Clay,Zaid,1,19.0,Semi-arid,Maize
Karnataka,Gulbarga,Loamy,Kharif,1,19.9,Semi-arid,Soybean
Maharashtra,Satara,Clay,Kharif,1,8.2,Humid,Rice
Karnataka,Mysore,Alluvial,Zaid,0,3.1,Humid,Onion
Karnataka,Mysore,Sandy,Kharif,0,14.4,Humid,Groundnut
Maharashtra,Nashik,Loamy,Zaid,1,17.0,Semi-arid,Sunflower
Gujarat,Vadodara,Clay,Zaid,1,20.2,Semi-arid,Maize
Maharashtra,Nashik,Red,Zaid,0,20.1,Semi-arid,Maize
Gujarat,Surat,Sandy,Kharif,0,20.6,Humid,Groundnut
Karnataka,Mysore,Red,Kharif,1,20.0,Humid,Cotton
Karnataka,Hubli,Alluvial,Zaid,0,7.1,Semi-arid,Maize
Gujarat,Rajkot,Laterite,Kharif,1,17.8,Semi-arid,Groundnut
Gujarat,Ahmedabad,Alluvial,Kharif,0,22.8,Arid,Rice
Maharashtra,Aurangabad,Clay,Kharif,1,14.0,Semi-arid,Rice
Karnataka,Mysore,Sandy,Kharif,1,0.7,Humid,Groundnut
Maharashtra,Nagpur,Red,Zaid,1,10.7,Sub-humid,Sunflower
Maharashtra,Ahmednagar,Loamy,Kharif,1,15.4,Semi-arid,Sunflower
Gujarat,Surat,Sandy,Kharif,1,4.0,Humid,Groundnut
Maharashtra,Solapur,Laterite,Zaid,0,18.4,Arid,Groundnut
Karnataka,Gulbarga,Laterite,Rabi,1,3.8,Semi-arid,Gram
Gujarat,Vadodara,Red,Kharif,0,3.3,Semi-arid,Maize
Karnataka,Hubli,Laterite,Rabi,1,23.9,Semi-arid,Wheat
Karnataka,Mysore,Black,Rabi,1,15.9,Humid,Wheat
Karnataka,Mysore,Red,Kharif,1,8.6,Humid,Groundnut
Maharashtra,Nagpur,Alluvial,Rabi,1,7.6,Sub-humid,Onion
Gujarat,Ahmedabad,Laterite,Kharif,1,3.1,Arid,Groundnut
Maharashtra,Kolhapur,Laterite,Zaid,1,14.4,Humid,Groundnut
Karnataka,Gulbarga,Laterite,Rabi,1,10.2,Semi-arid,Wheat
Karnataka,Mysore,Red,Rabi,1,10.4,Humid,Sunflower
Karnataka,Belgaum,Sandy,Rabi,1,8.0,Semi-arid,Wheat
Gujarat,Ahmedabad,Alluvial,Zaid,1,5.3,Arid,Onion
Gujarat,Vadodara,Alluvial,Rabi,0,3.6,Semi-arid,Onion
Gujarat,Junagadh,Alluvial,Rabi,1,18.2,Arid,Wheat
Karnataka,Mysore,Clay,Zaid,0,15.7,Humid,Sunflower
Karnataka,Mysore,Loamy,Zaid,1,7.6,Humid,Maize
Gujarat,Rajkot,Sandy,Kharif,0,7.7,Semi-arid,Groundnut
Maharashtra,Kolhapur,Red,Kharif,1,5.5,Humid,Maize
Karnataka,Bangalore Rural,Clay,Kharif,1,3.4,Semi-arid,Rice
Karnataka,Gulbarga,Sandy,Zaid,1,0.6,Semi-arid,Groundnut
Maharashtra,Kolhapur,Red,Kharif,0,11.2,Humid,Tur
Maharashtra,Nashik,Loamy,Rabi,0,24.5,Semi-arid,Wheat
Maharashtra,Nagpur,Laterite,Kharif,1,3.1,Sub-humid,Tur
Gujarat,Vadodara,Sandy,Rabi,0,20.2,Semi-arid,Sunflower
Maharashtra,Aurangabad,Loamy,Kharif,1,14.8,Semi-arid,Soybean
Gujarat,Rajkot,Clay,Zaid,1,13.4,Semi-arid,Maize
Karnataka,Gulbarga,Alluvial,Rabi,0,15.9,Semi-arid,Gram
Maharashtra,Nashik,Red,Rabi,1,8.7,Semi-arid,Sunflower
Maharashtra,Kolhapur,Sandy,Zaid,0,20.0,Humid,Groundnut
Karnataka,Hubli,Red,Kharif,0,3.0,Semi-arid,Maize
Gujarat,Ahmedabad,Sandy,Rabi,1,19.1,Arid,Sunflower
Gujarat,Surat,Loamy,Kharif,1,17.6,Humid,Cotton
Karnataka,Mysore,Loamy,Kharif,1,13.3,Humid,Sunflower
Gujarat,Ahmedabad,Black,Kharif,1,8.7,Arid,Jowar
Gujarat,Surat,Alluvial,Zaid,1,22.6,Humid,Onion
Gujarat,Junagadh,Red,Rabi,0,2.8,Arid,Sunflower
Karnataka,Mysore,Sandy,Rabi,1,20.8,Humid,Wheat
Maharashtra,Satara,Clay,Zaid,1,14.9,Humid,Onion
Gujarat,Rajkot,Loamy,Zaid,1,12.2,Semi-arid,Maize
Maharashtra,Nashik,Red,Zaid,1,7.8,Semi-arid,Sunflower
Gujarat,Surat,Laterite,Zaid,1,3.7,Humid,Groundnut
Maharashtra,Satara,Sandy,Rabi,1,17.0,Humid,Onion
Maharashtra,Nagpur,Loamy,Zaid,0,15.7,Sub-humid,Sunflower
Maharashtra,Nashik,Red,Kharif,1,23.6,Semi-arid,Sunflower
Karnataka,Gulbarga,Black,Rabi,0,14.1,Semi-arid,Sunflower
Gujarat,Surat,Sandy,Kharif,0,20.4,Humid,Groundnut
Gujarat,Surat,Laterite,Kharif,0,1.7,Humid,Tur
Maharashtra,Nagpur,Clay,Zaid,1,13.5,Sub-humid,Groundnut
Maharashtra,Pune,Black,Rabi,1,17.7,Semi-arid,Gram
Maharashtra,Nagpur,Black,Rabi,1,2.0,Sub-humid,Gram
Gujarat,Ahmedabad,Loamy,Rabi,1,10.0,Arid,Sunflower
Gujarat,Rajkot,Loamy,Zaid,1,4.7,Semi-arid,Sunflower
Maharashtra,Satara,Loamy,Rabi,0,8.7,Humid,Gram
Gujarat,Junagadh,Clay,Zaid,0,4.8,Arid,Groundnut
Karnataka,Mysore,Sandy,Zaid,1,8.3,Humid,Groundnut
Maharashtra,Nashik,Clay,Zaid,0,21.3,Semi-arid,Maize
Karnataka,Bangalore Rural,Clay,Zaid,1,24.5,Semi-arid,Maize
Gujarat,Rajkot,Laterite,Rabi,1,19.5,Semi-arid,Onion
Maharashtra,Aurangabad,Sandy,Rabi,1,22.7,Semi-arid,Gram
Karnataka,Bangalore Rural,Alluvial,Zaid,0,8.1,Semi-arid,Maize
Gujarat,Rajkot,Sandy,Kharif,0,24.1,Semi-arid,Groundnut
Gujarat,Vadodara,Loamy,Zaid,1,2.3,Semi-arid,Sunflower
Maharashtra,Pune,Laterite,Kharif,1,14.9,Semi-arid,Groundnut
Karnataka,Belgaum,Red,Zaid,0,16.1,Semi-arid,Sunflower
Maharashtra,Pune,Loamy,Kharif,1,21.2,Semi-arid,Maize
Maharashtra,Ahmednagar,Sandy,Zaid,0,13.6,Semi-arid,Groundnut
Maharashtra,Satara,Sandy,Zaid,1,15.5,Humid,Groundnut
Gujarat,Ahmedabad,Laterite,Rabi,1,1.8,Arid,Wheat
Gujarat,Junagadh,Clay,Rabi,1,19.7,Arid,Gram
Maharashtra,Satara,Sandy,Kharif,1,10.8,Humid,Groundnut
Gujarat,Vadodara,Sandy,Zaid,0,0.9,Semi-arid,Groundnut
Maharashtra,Solapur,Black,Kharif,0,5.1,Arid,Jowar
Maharashtra,Pune,Loamy,Kharif,1,10.9,Semi-arid,Cotton
Karnataka,Hubli,Clay,Kharif,1,19.8,Semi-arid,Rice
Karnataka,Gulbarga,Black,Kharif,0,11.6,Semi-arid,Jowar
Gujarat,Junagadh,Laterite,Kharif,0,23.1,Arid,Groundnut
Maharashtra,Kolhapur,Alluvial,Rabi,0,16.7,Humid,Gram
Karnataka,Belgaum,Alluvial,Kharif,1,16.1,Semi-arid,Rice
Maharashtra,Aurangabad,Black,Zaid,0,13.8,Semi-arid,Sunflower
Maharashtra,Satara,Laterite,Kharif,1,22.0,Humid,Tur
Maharashtra,Satara,Clay,Zaid,1,8.7,Humid,Onion
Gujarat,Vadodara,Sandy,Zaid,0,9.3,Semi-arid,Groundnut
Gujarat,Surat,Laterite,Zaid,1,7.6,Humid,Groundnut
Maharashtra,Kolhapur,Laterite,Zaid,0,17.3,Humid,Groundnut
Gujarat,Junagadh,Red,Kharif,1,5.5,Arid,Tur
Maharashtra,Satara,Clay,Zaid,1,21.6,Humid,Groundnut
Gujarat,Junagadh,Red,Kharif,1,5.8,Arid,Cotton
Gujarat,Ahmedabad,Laterite,Zaid,1,12.0,Arid,Groundnut
Maharashtra,Pune,Sandy,Zaid,1,21.3,Semi-arid,Groundnut
Gujarat,Junagadh,Alluvial,Kharif,1,13.5,Arid,Maize
Karnataka,Belgaum,Alluvial,Zaid,1,18.0,Semi-arid,Onion
Karnataka,Bangalore Rural,Black,Rabi,1,6.6,Semi-arid,Gram
Maharashtra,Ahmednagar,Loamy,Kharif,1,14.5,Semi-arid,Soybean
Karnataka,Bangalore Rural,Red,Zaid,1,16.3,Semi-arid,Groundnut
Gujarat,Vadodara,Black,Zaid,0,1.0,Semi-arid,Sunflower
Maharashtra,Pune,Laterite,Rabi,1,17.3,Semi-arid,Onion
Karnataka,Gulbarga,Black,Rabi,1,7.6,Semi-arid,Wheat
Gujarat,Rajkot,Red,Zaid,1,15.3,Semi-arid,Sunflower
Maharashtra,Solapur,Sandy,Kharif,1,12.7,Arid,Groundnut
Gujarat,Ahmedabad,Laterite,Rabi,1,5.3,Arid,Gram
Karnataka,Hubli,Red,Kharif,1,13.7,Semi-arid,Maize
Karnataka,Gulbarga,Red,Zaid,0,0.7,Semi-arid,Sunflower
Gujarat,Surat,Alluvial,Rabi,1,16.5,Humid,Gram
Gujarat,Vadodara,Red,Rabi,1,13.9,Semi-arid,Sunflower
Gujarat,Surat,Alluvial,Kharif,1,4.0,Humid,Maize
Maharashtra,Aurangabad,Alluvial,Zaid,1,17.3,Semi-arid,Maize
Karnataka,Gulbarga,Loamy,Rabi,1,1.1,Semi-arid,Wheat
Karnataka,Mysore,Laterite,Rabi,1,9.7,Humid,Sunflower
Gujarat,Ahmedabad,Laterite,Kharif,0,8.4,Arid,Groundnut
Karnataka,Bangalore Rural,Sandy,Kharif,0,12.8,Semi-arid,Groundnut
Maharashtra,Nashik,Laterite,Rabi,1,11.0,Semi-arid,Wheat
Gujarat,Ahmedabad,Laterite,Kharif,1,22.6,Arid,Tur
Maharashtra,Nashik,Loamy,Kharif,0,20.9,Semi-arid,Sunflower
Maharashtra,Nagpur,Red,Zaid,1,18.7,Sub-humid,Groundnut
Maharashtra,Ahmednagar,Clay,Rabi,1,2.7,Semi-arid,Wheat
Gujarat,Surat,Sandy,Zaid,1,15.6,Humid,Groundnut
Maharashtra,Aurangabad,Black,Zaid,0,18.8,Semi-arid,Sunflower
Maharashtra,Satara,Laterite,Zaid,1,5.7,Humid,Groundnut
Gujarat,Ahmedabad,Clay,Zaid,1,16.9,Arid,Sunflower
Maharashtra,Nagpur,Red,Zaid,0,19.9,Sub-humid,Groundnut
Karnataka,Belgaum,Black,Zaid,1,6.9,Semi-arid,Sunflower
Gujarat,Junagadh,Red,Kharif,1,19.4,Arid,Maize
Karnataka,Bangalore Rural,Laterite,Rabi,1,11.2,Semi-arid,Gram
Gujarat,Junagadh,Red,Zaid,1,3.3,Arid,Maize
Maharashtra,Solapur,Clay,Rabi,0,11.2,Arid,Gram
Karnataka,Bangalore Rural,Loamy,Rabi,1,12.2,Semi-arid,Wheat
Karnataka,Bangalore Rural,Loamy,Rabi,1,18.9,Semi-arid,Sunflower
Karnataka,Gulbarga,Black,Rabi,1,5.5,Semi-arid,Gram
Gujarat,Vadodara,Black,Kharif,0,14.9,Semi-arid,Sunflower
Gujarat,Junagadh,Clay,Rabi,1,2.3,Arid,Wheat
Karnataka,Mysore,Sandy,Kharif,1,6.9,Humid,Groundnut
Gujarat,Surat,Loamy,Kharif,1,12.8,Humid,Sunflower
Karnataka,Gulbarga,Black,Kharif,1,21.4,Semi-arid,Cotton
Maharashtra,Nashik,Laterite,Rabi,1,13.0,Semi-arid,Wheat
Maharashtra,Nashik,Sandy,Kharif,1,1.2,Semi-arid,Groundnut
Karnataka,Gulbarga,Alluvial,Zaid,1,15.7,Semi-arid,Onion
Karnataka,Hubli,Clay,Rabi,0,18.2,Semi-arid,Wheat
Gujarat,Vadodara,Sandy,Kharif,1,23.0,Semi-arid,Groundnut
Gujarat,Surat,Sandy,Zaid,0,3.3,Humid,Groundnut
Karnataka,Gulbarga,Clay,Kharif,0,23.5,Semi-arid,Rice
Gujarat,Vadodara,Red,Rabi,1,11.0,Semi-arid,Sunflower
Karnataka,Hubli,Alluvial,Zaid,0,7.8,Semi-arid,Onion
Gujarat,Ahmedabad,Clay,Kharif,1,23.6,Arid,Rice
Maharashtra,Satara,Alluvial,Rabi,1,15.9,Humid,Onion
Maharashtra,Satara,Red,Rabi,0,19.5,Humid,Sunflower
Karnataka,Belgaum,Black,Kharif,0,11.4,Semi-arid,Soybean
Maharashtra,Ahmednagar,Alluvial,Kharif,1,12.8,Semi-arid,Rice
Karnataka,Belgaum,Loamy,Rabi,0,10.1,Semi-arid,Sunflower
Karnataka,Hubli,Clay,Kharif,1,9.5,Semi-arid,Rice
Maharashtra,Aurangabad,Clay,Rabi,0,7.0,Semi-arid,Gram
Maharashtra,Ahmednagar,Sandy,Rabi,1,7.2,Semi-arid,Wheat
Karnataka,Gulbarga,Sandy,Rabi,1,21.4,Semi-arid,Onion
Gujarat,Vadodara,Loamy,Zaid,1,16.5,Semi-arid,Sunflower
Maharashtra,Kolhapur,Black,Kharif,1,5.1,Humid,Sunflower
Gujarat,Ahmedabad,Laterite,Kharif,1,10.2,Arid,Groundnut
Maharashtra,Pune,Laterite,Rabi,1,9.6,Semi-arid,Gram
Maharashtra,Pune,Red,Zaid,1,9.7,Semi-arid,Sunflower
Gujarat,Vadodara,Red,Kharif,1,6.7,Semi-arid,Maize
Maharashtra,Nagpur,Loamy,Zaid,1,4.6,Sub-humid,Sunflower
Maharashtra,Nagpur,Red,Kharif,1,6.6,Sub-humid,Groundnut
Gujarat,Surat,Clay,Kharif,1,10.4,Humid,Rice
Maharashtra,Ahmednagar,Black,Rabi,0,11.7,Semi-arid,Gram
Maharashtra,Kolhapur,Clay,Zaid,0,15.6,Humid,Sunflower
Gujarat,Surat,Alluvial,Zaid,0,12.4,Humid,Maize
Karnataka,Mysore,Black,Rabi,1,3.3,Humid,Wheat
Maharashtra,Ahmednagar,Red,Rabi,1,14.2,Semi-arid,Sunflower
Karnataka,Gulbarga,Red,Rabi,0,18.5,Semi-arid,Sunflower
Karnataka,Gulbarga,Clay,Rabi,1,11.7,Semi-arid,Gram
Karnataka,Gulbarga,Clay,Rabi,1,20.6,Semi-arid,Wheat
Karnataka,Belgaum,Sandy,Rabi,0,17.9,Semi-arid,Gram
Gujarat,Junagadh,Loamy,Zaid,0,7.3,Arid,Sunflower
Gujarat,Ahmedabad,Loamy,Rabi,1,13.1,Arid,Sunflower
Gujarat,Surat,Laterite,Zaid,1,23.4,Humid,Groundnut
Karnataka,Gulbarga,Red,Zaid,0,8.6,Semi-arid,Groundnut
Maharashtra,Satara,Sandy,Zaid,1,11.1,Humid,Groundnut
Karnataka,Hubli,Loamy,Kharif,0,7.6,Semi-arid,Maize
Gujarat,Vadodara,Red,Rabi,0,8.4,Semi-arid,Sunflower
Karnataka,Hubli,Black,Kharif,0,6.0,Semi-arid,Jowar
Gujarat,Surat,Sandy,Zaid,1,1.5,Humid,Groundnut
Karnataka,Bangalore Rural,Alluvial,Zaid,0,21.6,Semi-arid,Onion
Karnataka,Belgaum,Loamy,Kharif,0,22.4,Semi-arid,Sunflower
Gujarat,Surat,Loamy,Kharif,1,18.8,Humid,Sunflower
Karnataka,Bangalore Rural,Black,Zaid,1,8.4,Semi-arid,Sunflower
Karnataka,Bangalore Rural,Red,Rabi,1,1.3,Semi-arid,Sunflower
Karnataka,Mysore,Loamy,Rabi,1,10.5,Humid,Gram
Maharashtra,Nashik,Laterite,Rabi,1,12.7,Semi-arid,Sunflower
Gujarat,Junagadh,Red,Zaid,1,16.7,Arid,Maize
Maharashtra,Satara,Red,Rabi,0,9.5,Humid,Sunflower
Maharashtra,Nashik,Black,Zaid,1,7.1,Semi-arid,Sunflower
Gujarat,Junagadh,Laterite,Rabi,1,7.2,Arid,Sunflower
Karnataka,Mysore,Sandy,Zaid,1,10.5,Humid,Groundnut
Maharashtra,Solapur,Red,Kharif,0,18.3,Arid,Cotton
Maharashtra,Pune,Black,Zaid,1,14.1,Semi-arid,Sunflower
Maharashtra,Satara,Clay,Zaid,0,13.7,Humid,Groundnut
Karnataka,Belgaum,Red,Zaid,0,3.6,Semi-arid,Sunflower
Karnataka,Mysore,Black,Kharif,1,17.7,Humid,Jowar
Gujarat,Vadodara,Clay,Kharif,1,20.0,Semi-arid,Rice
Gujarat,Rajkot,Clay,Zaid,0,21.2,Semi-arid,Groundnut
Karnataka,Hubli,Alluvial,Kharif,1,20.7,Semi-arid,Maize
Gujarat,Vadodara,Alluvial,Rabi,1,6.8,Semi-arid,Gram
Gujarat,Rajkot,Laterite,Zaid,1,18.5,Semi-arid,Groundnut
Karnataka,Bangalore Rural,Alluvial,Zaid,1,8.7,Semi-arid,Onion
Gujarat,Vadodara,Sandy,Rabi,0,12.5,Semi-arid,Gram
Maharashtra,Satara,Black,Zaid,1,16.0,Humid,Sunflower
Maharashtra,Ahmednagar,Clay,Zaid,0,9.2,Semi-arid,Onion
Karnataka,Bangalore Rural,Loamy,Kharif,1,17.3,Semi-arid,Sunflower
Maharashtra,Solapur,Alluvial,Zaid,1,24.0,Arid,Maize
Karnataka,Hubli,Sandy,Zaid,1,9.8,Semi-arid,Groundnut
Maharashtra,Nagpur,Laterite,Kharif,1,2.5,Sub-humid,Groundnut
Karnataka,Gulbarga,Clay,Kharif,0,21.1,Semi-arid,Rice
Karnataka,Bangalore Rural,Red,Kharif,0,11.9,Semi-arid,Jowar
Gujarat,Ahmedabad,Sandy,Kharif,1,13.8,Arid,Groundnut
Maharashtra,Nagpur,Black,Zaid,1,8.8,Sub-humid,Sunflower
Karnataka,Hubli,Red,Rabi,1,9.1,Semi-arid,Sunflower
Karnataka,Mysore,Black,Kharif,0,15.3,Humid,Soybean
Gujarat,Ahmedabad,Alluvial,Kharif,0,5.6,Arid,Rice
Karnataka,Gulbarga,Red,Zaid,1,23.6,Semi-arid,Sunflower
Gujarat,Surat,Clay,Rabi,0,17.5,Humid,Wheat
Gujarat,Rajkot,Sandy,Kharif,1,18.2,Semi-arid,Groundnut
Karnataka,Hubli,Clay,Rabi,1,17.5,Semi-arid,Wheat
Maharashtra,Solapur,Alluvial,Rabi,1,15.3,Arid,Wheat
Maharashtra,Kolhapur,Clay,Zaid,1,9.0,Humid,Onion
Maharashtra,Nashik,Laterite,Kharif,0,21.0,Semi-arid,Groundnut
Karnataka,Belgaum,Red,Zaid,1,13.9,Semi-arid,Sunflower
Gujarat,Surat,Loamy,Rabi,0,19.9,Humid,Gram
Gujarat,Surat,Loamy,Kharif,0,12.6,Humid,Sunflower
Gujarat,Rajkot,Red,Kharif,1,0.8,Semi-arid,Maize
Gujarat,Ahmedabad,Loamy,Rabi,1,22.0,Arid,Wheat
Maharashtra,Nashik,Red,Zaid,1,14.7,Semi-arid,Sunflower
Maharashtra,Aurangabad,Clay,Zaid,1,0.7,Semi-arid,Maize
Gujarat,Rajkot,Red,Zaid,1,14.2,Semi-arid,Groundnut
Karnataka,Belgaum,Clay,Rabi,1,13.6,Semi-arid,Gram
Karnataka,Bangalore Rural,Black,Rabi,1,19.0,Semi-arid,Sunflower
Maharashtra,Solapur,Sandy,Kharif,1,7.0,Arid,Groundnut
Maharashtra,Ahmednagar,Sandy,Zaid,1,9.7,Semi-arid,Groundnut
Maharashtra,Kolhapur,Laterite,Zaid,1,14.2,Humid,Groundnut
Maharashtra,Nashik,Laterite,Zaid,1,16.7,Semi-arid,Groundnut
Maharashtra,Satara,Sandy,Rabi,1,11.7,Humid,Gram
Gujarat,Vadodara,Sandy,Zaid,1,14.3,Semi-arid,Groundnut
Karnataka,Bangalore Rural,Black,Rabi,1,5.1,Semi-arid,Wheat
Karnataka,Belgaum,Loamy,Kharif,1,24.8,Semi-arid,Maize
Karnataka,Gulbarga,Laterite,Kharif,1,11.7,Semi-arid,Groundnut
Karnataka,Mysore,Sandy,Kharif,1,9.3,Humid,Groundnut
Karnataka,Belgaum,Loamy,Rabi,1,16.3,Semi-arid,Gram
Maharashtra,Pune,Red,Kharif,1,16.9,Semi-arid,Cotton
Maharashtra,Kolhapur,Alluvial,Rabi,1,0.6,Humid,Gram
Maharashtra,Solapur,Laterite,Zaid,1,17.9,Arid,Groundnut
Gujarat,Junagadh,Black,Zaid,1,2.3,Arid,Sunflower
Maharashtra,Aurangabad,Red,Rabi,1,23.3,Semi-arid,Sunflower
Karnataka,Hubli,Black,Rabi,1,2.0,Semi-arid,Wheat
Gujarat,Surat,Loamy,Kharif,1,5.1,Humid,Cotton
Karnataka,Belgaum,Clay,Rabi,1,12.5,Semi-arid,Wheat
Gujarat,Junagadh,Red,Kharif,0,2.8,Arid,Tur
Maharashtra,Nashik,Loamy,Rabi,0,9.4,Semi-arid,Wheat
Maharashtra,Aurangabad,Alluvial,Kharif,1,15.3,Semi-arid,Maize
Maharashtra,Aurangabad,Laterite,Zaid,1,12.0,Semi-arid,Groundnut
Gujarat,Junagadh,Loamy,Zaid,1,12.0,Arid,Sunflower
Gujarat,Ahmedabad,Alluvial,Zaid,0,16.1,Arid,Onion
Maharashtra,Pune,Red,Rabi,1,19.8,Semi-arid,Sunflower
Maharashtra,Ahmednagar,Laterite,Kharif,1,17.9,Semi-arid,Groundnut
Karnataka,Hubli,Laterite,Kharif,0,10.4,Semi-arid,Groundnut
Karnataka,Belgaum,Loamy,Rabi,1,18.1,Semi-arid,Wheat
Karnataka,Mysore,Red,Rabi,1,13.9,Humid,Sunflower
Maharashtra,Kolhapur,Red,Rabi,0,4.9,Humid,Sunflower
Karnataka,Gulbarga,Red,Rabi,1,18.6,Semi-arid,Sunflower
Maharashtra,Ahmednagar,Clay,Rabi,1,8.9,Semi-arid,Gram
Maharashtra,Nagpur,Black,Zaid,0,6.1,Sub-humid,Sunflower
Maharashtra,Kolhapur,Loamy,Rabi,1,6.5,Humid,Sunflower
Maharashtra,Kolhapur,Sandy,Zaid,1,24.6,Humid,Groundnut
Karnataka,Hubli,Black,Zaid,1,7.3,Semi-arid,Sunflower
Maharashtra,Kolhapur,Sandy,Zaid,1,20.2,Humid,Groundnut
Maharashtra,Aurangabad,Laterite,Kharif,0,21.2,Semi-arid,Tur
Karnataka,Mysore,Sandy,Zaid,1,20.1,Humid,Groundnut
Karnataka,Mysore,Red,Zaid,1,12.8,Humid,Groundnut
Gujarat,Surat,Sandy,Zaid,0,13.5,Humid,Groundnut
Maharashtra,Kolhapur,Loamy,Kharif,1,6.6,Humid,Maize
Maharashtra,Solapur,Red,Zaid,0,5.3,Arid,Maize
Karnataka,Gulbarga,Black,Rabi,0,9.3,Semi-arid,Gram
Maharashtra,Satara,Red,Kharif,1,14.7,Humid,Sunflower
Gujarat,Rajkot,Clay,Kharif,1,16.4,Semi-arid,Rice
Karnataka,Bangalore Rural,Clay,Zaid,1,8.6,Semi-arid,Sunflower
Maharashtra,Nagpur,Black,Rabi,0,14.1,Sub-humid,Gram
Karnataka,Mysore,Black,Rabi,1,3.2,Humid,Gram
Gujarat,Surat,Clay,Kharif,1,22.6,Humid,Rice
Gujarat,Rajkot,Black,Zaid,0,5.8,Semi-arid,Sunflower
Gujarat,Rajkot,Sandy,Rabi,1,0.6,Semi-arid,Gram
Karnataka,Gulbarga,Clay,Rabi,1,16.4,Semi-arid,Gram
Karnataka,Gulbarga,Red,Kharif,1,18.5,Semi-arid,Cotton
Maharashtra,Aurangabad,Laterite,Rabi,1,13.2,Semi-arid,Wheat
Karnataka,Gulbarga,Red,Kharif,1,3.7,Semi-arid,Sunflower
Gujarat,Rajkot,Loamy,Rabi,0,11.0,Semi-arid,Wheat
Gujarat,Junagadh,Black,Zaid,1,19.3,Arid,Sunflower
Gujarat,Ahmedabad,Sandy,Zaid,1,19.9,Arid,Groundnut
Maharashtra,Pune,Loamy,Kharif,1,8.9,Semi-arid,Soybean
Gujarat,Vadodara,Clay,Zaid,1,24.8,Semi-arid,Groundnut
Maharashtra,Kolhapur,Black,Zaid,1,24.3,Humid,Sunflower
Karnataka,Mysore,Alluvial,Zaid,1,19.0,Humid,Maize
Karnataka,Belgaum,Alluvial,Rabi,1,10.8,Semi-arid,Wheat
Gujarat,Surat,Clay,Zaid,1,10.6,Humid,Groundnut
Maharashtra,Nagpur,Black,Rabi,1,1.8,Sub-humid,Sunflower
Maharashtra,Nagpur,Sandy,Zaid,1,0.5,Sub-humid,Groundnut
Maharashtra,Solapur,Red,Kharif,1,17.9,Arid,Tur
Maharashtra,Kolhapur,Loamy,Zaid,0,19.7,Humid,Maize
Karnataka,Belgaum,Laterite,Kharif,0,18.6,Semi-arid,Tur
Karnataka,Mysore,Black,Rabi,1,2.5,Humid,Sunflower
Maharashtra,Ahmednagar,Loamy,Kharif,1,9.4,Semi-arid,Cotton
Maharashtra,Nashik,Sandy,Rabi,1,24.9,Semi-arid,Wheat
Gujarat,Surat,Red,Kharif,0,16.7,Humid,Sunflower
Gujarat,Vadodara,Black,Kharif,0,3.4,Semi-arid,Cotton
Maharashtra,Solapur,Loamy,Kharif,0,20.4,Arid,Soybean
Karnataka,Bangalore Rural,Red,Kharif,1,19.9,Semi-arid,Groundnut
Maharashtra,Solapur,Loamy,Zaid,1,1.6,Arid,Sunflower
Karnataka,Gulbarga,Laterite,Zaid,0,23.8,Semi-arid,Groundnut
Karnataka,Gulbarga,Loamy,Rabi,1,9.5,Semi-arid,Gram
Karnataka,Bangalore Rural,Red,Rabi,0,16.3,Semi-arid,Sunflower
Gujarat,Junagadh,Sandy,Zaid,1,13.2,Arid,Groundnut
Karnataka,Hubli,Laterite,Kharif,1,10.8,Semi-arid,Tur
Karnataka,Belgaum,Red,Rabi,1,23.4,Semi-arid,Sunflower
Maharashtra,Nashik,Loamy,Zaid,1,7.8,Semi-arid,Sunflower
Karnataka,Hubli,Alluvial,Rabi,0,3.0,Semi-arid,Wheat
Maharashtra,Nashik,Laterite,Kharif,1,1.1,Semi-arid,Groundnut
Gujarat,Vadodara,Sandy,Rabi,0,10.1,Semi-arid,Wheat
Karnataka,Bangalore Rural,Clay,Zaid,0,2.9,Semi-arid,Sunflower
Maharashtra,Nashik,Red,Rabi,1,5.7,Semi-arid,Sunflower
Karnataka,Gulbarga,Sandy,Kharif,1,15.5,Semi-arid,Groundnut
Gujarat,Vadodara,Red,Zaid,1,19.5,Semi-arid,Groundnut
Maharashtra,Pune,Loamy,Rabi,1,7.9,Semi-arid,Sunflower
Karnataka,Belgaum,Sandy,Zaid,0,17.1,Semi-arid,Groundnut
Maharashtra,Solapur,Laterite,Zaid,1,3.8,Arid,Groundnut
Karnataka,Hubli,Black,Zaid,0,13.5,Semi-arid,Sunflower
Karnataka,Bangalore Rural,Laterite,Zaid,0,19.0,Semi-arid,Groundnut
Gujarat,Junagadh,Red,Kharif,0,21.5,Arid,Cotton
Maharashtra,Kolhapur,Red,Zaid,1,7.9,Humid,Maize
Karnataka,Mysore,Alluvial,Rabi,0,18.9,Humid,Wheat
Karnataka,Mysore,Red,Kharif,1,15.6,Humid,Cotton
Gujarat,Vadodara,Clay,Zaid,0,15.4,Semi-arid,Groundnut
Gujarat,Ahmedabad,Alluvial,Rabi,0,12.4,Arid,Wheat
Maharashtra,Pune,Clay,Kharif,0,10.2,Semi-arid,Rice
Gujarat,Vadodara,Red,Kharif,0,18.9,Semi-arid,Tur
Karnataka,Belgaum,Clay,Kharif,1,1.8,Semi-arid,Rice
Karnataka,Bangalore Rural,Black,Rabi,1,12.8,Semi-arid,Sunflower
Karnataka,Gulbarga,Sandy,Rabi,1,4.8,Semi-arid,Sunflower
Gujarat,Surat,Alluvial,Zaid,0,7.3,Humid,Onion
Gujarat,Ahmedabad,Sandy,Kharif,0,15.6,Arid,Groundnut
Karnataka,Bangalore Rural,Alluvial,Zaid,1,19.4,Semi-arid,Onion
Karnataka,Gulbarga,Black,Kharif,1,14.2,Semi-arid,Jowar
Gujarat,Junagadh,Alluvial,Zaid,0,24.6,Arid,Onion
Gujarat,Junagadh,Loamy,Kharif,1,3.9,Arid,Cotton
Karnataka,Hubli,Alluvial,Kharif,1,18.3,Semi-arid,Maize
Karnataka,Mysore,Loamy,Kharif,1,17.2,Humid,Sunflower
Karnataka,Mysore,Loamy,Zaid,0,20.3,Humid,Sunflower
Karnataka,Bangalore Rural,Clay,Zaid,1,5.5,Semi-arid,Maize
Gujarat,Ahmedabad,Red,Rabi,1,9.0,Arid,Sunflower
Gujarat,Ahmedabad,Red,Zaid,1,16.4,Arid,Groundnut
Maharashtra,Aurangabad,Clay,Kharif,1,7.0,Semi-arid,Rice
Maharashtra,Nashik,Laterite,Zaid,1,24.5,Semi-arid,Groundnut
Karnataka,Bangalore Rural,Clay,Zaid,1,13.0,Semi-arid,Maize
Maharashtra,Satara,Black,Kharif,1,17.8,Humid,Sunflower
Karnataka,Hubli,Loamy,Kharif,1,15.5,Semi-arid,Maize
Gujarat,Surat,Black,Zaid,1,0.9,Humid,Sunflower
Karnataka,Hubli,Clay,Rabi,1,11.2,Semi-arid,Gram
Maharashtra,Ahmednagar,Laterite,Kharif,1,0.9,Semi-arid,Groundnut
Karnataka,Hubli,Sandy,Rabi,0,21.8,Semi-arid,Gram
Karnataka,Bangalore Rural,Red,Zaid,0,21.2,Semi-arid,Maize
Gujarat,Junagadh,Clay,Kharif,1,9.5,Arid,Rice
Maharashtra,Pune,Alluvial,Kharif,1,12.1,Semi-arid,Maize
Gujarat,Ahmedabad,Laterite,Zaid,1,12.7,Arid,Groundnut
Karnataka,Mysore,Black,Kharif,1,10.9,Humid,Jowar
Gujarat,Surat,Loamy,Rabi,1,11.3,Humid,Gram
Gujarat,Surat,Laterite,Kharif,1,16.2,Humid,Groundnut
Gujarat,Vadodara,Loamy,Kharif,1,15.9,Semi-arid,Cotton
Karnataka,Bangalore Rural,Sandy,Zaid,0,24.7,Semi-arid,Groundnut
Gujarat,Rajkot,Red,Zaid,1,5.7,Semi-arid,Sunflower
Maharashtra,Nagpur,Black,Zaid,1,18.3,Sub-humid,Sunflower
Gujarat,Ahmedabad,Clay,Zaid,1,14.5,Arid,Onion
Gujarat,Junagadh,Clay,Kharif,1,13.8,Arid,Rice
Gujarat,Surat,Alluvial,Kharif,0,6.9,Humid,Maize
Maharashtra,Nashik,Black,Kharif,0,5.2,Semi-arid,Sunflower
Maharashtra,Kolhapur,Alluvial,Zaid,1,20.1,Humid,Onion
Gujarat,Junagadh,Red,Kharif,1,9.4,Arid,Maize
Gujarat,Vadodara,Alluvial,Zaid,1,24.2,Semi-arid,Maize
Maharashtra,Aurangabad,Sandy,Kharif,1,17.6,Semi-arid,Groundnut
Maharashtra,Nagpur,Red,Rabi,0,0.8,Sub-humid,Sunflower
Karnataka,Mysore,Loamy,Zaid,1,8.0,Humid,Sunflower
Maharashtra,Pune,Alluvial,Rabi,1,23.9,Semi-arid,Wheat
Karnataka,Hubli,Laterite,Rabi,0,15.5,Semi-arid,Wheat
Karnataka,Gulbarga,Black,Zaid,1,14.8,Semi-arid,Sunflower
Maharashtra,Pune,Clay,Rabi,0,11.7,Semi-arid,Wheat
Maharashtra,Kolhapur,Black,Kharif,0,4.5,Humid,Jowar
Karnataka,Mysore,Loamy,Rabi,0,14.6,Humid,Gram
Maharashtra,Aurangabad,Loamy,Kharif,1,1.6,Semi-arid,Soybean
Gujarat,Rajkot,Clay,Rabi,1,18.0,Semi-arid,Gram
Gujarat,Vadodara,Loamy,Zaid,1,10.7,Semi-arid,Maize
Maharashtra,Kolhapur,Black,Kharif,0,13.5,Humid,Soybean
Maharashtra,Ahmednagar,Black,Zaid,1,20.1,Semi-arid,Sunflower
Maharashtra,Satara,Red,Zaid,1,20.4,Humid,Groundnut
Maharashtra,Nashik,Clay,Rabi,1,8.7,Semi-arid,Gram
Gujarat,Ahmedabad,Red,Rabi,1,9.1,Arid,Sunflower
Karnataka,Hubli,Clay,Kharif,1,17.8,Semi-arid,Rice
Karnataka,Hubli,Clay,Zaid,1,14.7,Semi-arid,Sunflower
Gujarat,Ahmedabad,Laterite,Kharif,1,19.8,Arid,Groundnut
Karnataka,Bangalore Rural,Loamy,Rabi,1,1.9,Semi-arid,Wheat
Maharashtra,Pune,Clay,Rabi,1,9.0,Semi-arid,Gram
Maharashtra,Nagpur,Loamy,Kharif,1,5.0,Sub-humid,Maize
Gujarat,Rajkot,Clay,Rabi,1,20.4,Semi-arid,Wheat
Maharashtra,Aurangabad,Red,Rabi,0,22.4,Semi-arid,Sunflower
Karnataka,Gulbarga,Sandy,Kharif,0,22.4,Semi-arid,Groundnut
Maharashtra,Kolhapur,Red,Kharif,1,1.8,Humid,Groundnut
Maharashtra,Pune,Black,Rabi,1,4.4,Semi-arid,Sunflower
Karnataka,Mysore,Loamy,Rabi,1,15.0,Humid,Gram
Gujarat,Ahmedabad,Loamy,Zaid,0,6.3,Arid,Maize
Maharashtra,Nashik,Laterite,Rabi,1,16.2,Semi-arid,Onion
Gujarat,Rajkot,Laterite,Rabi,1,19.6,Semi-arid,Wheat
Gujarat,Rajkot,Loamy,Rabi,1,7.8,Semi-arid,Wheat
Maharashtra,Satara,Alluvial,Kharif,0,9.4,Humid,Maize
Gujarat,Surat,Alluvial,Zaid,0,23.3,Humid,Onion
Karnataka,Hubli,Clay,Zaid,1,15.5,Semi-arid,Onion
Gujarat,Ahmedabad,Clay,Rabi,1,7.5,Arid,Wheat
Karnataka,Hubli,Red,Rabi,1,9.6,Semi-arid,Sunflower
Maharashtra,Ahmednagar,Sandy,Kharif,1,24.4,Semi-arid,Groundnut
Karnataka,Mysore,Loamy,Zaid,1,3.0,Humid,Maize
Karnataka,Hubli,Clay,Zaid,0,17.2,Semi-arid,Groundnut
Karnataka,Mysore,Red,Kharif,1,12.7,Humid,Tur
Maharashtra,Aurangabad,Black,Zaid,1,10.7,Semi-arid,Sunflower
Maharashtra,Aurangabad,Red,Rabi,0,13.6,Semi-arid,Sunflower
Gujarat,Vadodara,Black,Kharif,0,7.9,Semi-arid,Soybean
Karnataka,Gulbarga,Clay,Zaid,1,1.4,Semi-arid,Groundnut
Maharashtra,Pune,Loamy,Zaid,0,11.1,Semi-arid,Maize
Gujarat,Junagadh,Loamy,Zaid,1,14.1,Arid,Maize
Maharashtra,Ahmednagar,Loamy,Kharif,1,15.7,Semi-arid,Sunflower
Maharashtra,Nashik,Laterite,Zaid,1,21.9,Semi-arid,Groundnut
Karnataka,Hubli,Alluvial,Zaid,1,18.0,Semi-arid,Onion
Karnataka,Gulbarga,Laterite,Rabi,0,10.3,Semi-arid,Gram
Karnataka,Bangalore Rural,Sandy,Kharif,1,24.0,Semi-arid,Groundnut
Karnataka,Bangalore Rural,Alluvial,Kharif,0,22.7,Semi-arid,Maize
Gujarat,Junagadh,Loamy,Kharif,1,4.4,Arid,Cotton
Gujarat,Rajkot,Alluvial,Zaid,1,9.8,Semi-arid,Onion
Maharashtra,Nagpur,Loamy,Rabi,1,24.0,Sub-humid,Sunflower
Karnataka,Gulbarga,Black,Kharif,1,13.8,Semi-arid,Sunflower
Karnataka,Hubli,Red,Rabi,1,5.2,Semi-arid,Sunflower
Karnataka,Mysore,Laterite,Rabi,0,7.5,Humid,Sunflower
Gujarat,Ahmedabad,Red,Kharif,1,12.2,Arid,Cotton
Maharashtra,Satara,Alluvial,Zaid,1,19.5,Humid,Onion
Gujarat,Surat,Black,Kharif,0,17.7,Humid,Soybean
Karnataka,Hubli,Laterite,Kharif,1,23.7,Semi-arid,Groundnut
Karnataka,Hubli,Alluvial,Kharif,0,1.1,Semi-arid,Maize
Gujarat,Junagadh,Loamy,Zaid,1,23.3,Arid,Sunflower
Maharashtra,Solapur,Laterite,Rabi,1,9.3,Arid,Gram
Gujarat,Surat,Black,Rabi,1,5.6,Humid,Gram
Karnataka,Gulbarga,Sandy,Rabi,1,24.0,Semi-arid,Gram
Gujarat,Ahmedabad,Laterite,Zaid,1,10.8,Arid,Groundnut
Maharashtra,Solapur,Red,Rabi,1,22.3,Arid,Sunflower
Karnataka,Mysore,Sandy,Zaid,0,20.8,Humid,Groundnut
Gujarat,Vadodara,Sandy,Zaid,0,11.1,Semi-arid,Groundnut
Karnataka,Gulbarga,Red,Rabi,1,1.7,Semi-arid,Sunflower
Karnataka,Gulbarga,Alluvial,Kharif,1,6.8,Semi-arid,Maize
Karnataka,Belgaum,Alluvial,Kharif,1,6.0,Semi-arid,Rice
Gujarat,Vadodara,Laterite,Zaid,0,15.1,Semi-arid,Groundnut
Maharashtra,Ahmednagar,Clay,Kharif,1,7.8,Semi-arid,Rice
Maharashtra,Kolhapur,Red,Rabi,1,3.6,Humid,Sunflower
Gujarat,Junagadh,Sandy,Zaid,0,9.6,Arid,Groundnut
Karnataka,Mysore,Black,Kharif,0,2.9,Humid,Soybean
Gujarat,Surat,Alluvial,Kharif,1,16.7,Humid,Maize
Maharashtra,Satara,Red,Rabi,0,6.4,Humid,Sunflower
Maharashtra,Nagpur,Laterite,Zaid,1,23.8,Sub-humid,Groundnut
Karnataka,Gulbarga,Laterite,Rabi,1,21.4,Semi-arid,Sunflower
Gujarat,Ahmedabad,Loamy,Kharif,1,9.4,Arid,Soybean
Gujarat,Rajkot,Red,Kharif,0,12.3,Semi-arid,Groundnut
Gujarat,Ahmedabad,Sandy,Kharif,1,19.5,Arid,Groundnut
Maharashtra,Solapur,Alluvial,Rabi,0,21.8,Arid,Onion
Maharashtra,Solapur,Clay,Rabi,1,14.2,Arid,Wheat
Maharashtra,Pune,Clay,Rabi,1,18.9,Semi-arid,Gram
Maharashtra,Satara,Sandy,Kharif,0,18.6,Humid,Groundnut
Gujarat,Ahmedabad,Black,Kharif,1,12.3,Arid,Soybean
Maharashtra,Solapur,Clay,Kharif,1,5.5,Arid,Rice
Karnataka,Gulbarga,Laterite,Kharif,1,12.6,Semi-arid,Groundnut
Maharashtra,Aurangabad,Black,Zaid,1,16.9,Semi-arid,Sunflower
Maharashtra,Nagpur,Alluvial,Kharif,0,13.0,Sub-humid,Maize
Maharashtra,Solapur,Alluvial,Kharif,1,8.9,Arid,Maize
Gujarat,Vadodara,Clay,Kharif,1,9.1,Semi-arid,Rice
Gujarat,Surat,Loamy,Zaid,1,2.1,Humid,Maize
Karnataka,Mysore,Red,Kharif,1,9.2,Humid,Maize
Maharashtra,Satara,Loamy,Zaid,1,4.3,Humid,Sunflower
Karnataka,Hubli,Laterite,Rabi,1,3.1,Semi-arid,Wheat
Karnataka,Belgaum,Laterite,Kharif,0,21.4,Semi-arid,Groundnut
Karnataka,Gulbarga,Loamy,Zaid,0,13.9,Semi-arid,Sunflower
Maharashtra,Ahmednagar,Loamy,Rabi,1,19.4,Semi-arid,Sunflower
Maharashtra,Solapur,Red,Kharif,1,3.7,Arid,Tur
Gujarat,Surat,Red,Rabi,0,17.9,Humid,Sunflower
Karnataka,Gulbarga,Alluvial,Kharif,1,14.1,Semi-arid,Rice
Gujarat,Rajkot,Clay,Rabi,1,3.3,Semi-arid,Wheat
Karnataka,Bangalore Rural,Loamy,Kharif,1,5.5,Semi-arid,Sunflower
Karnataka,Hubli,Red,Zaid,1,7.4,Semi-arid,Sunflower
Maharashtra,Aurangabad,Alluvial,Kharif,1,3.0,Semi-arid,Rice
Gujarat,Surat,Sandy,Zaid,1,15.2,Humid,Groundnut
Gujarat,Rajkot,Laterite,Kharif,0,2.5,Semi-arid,Tur
Karnataka,Hubli,Clay,Zaid,1,15.5,Semi-arid,Groundnut
Maharashtra,Nashik,Red,Zaid,0,20.1,Semi-arid,Maize
Karnataka,Bangalore Rural,Laterite,Rabi,1,4.4,Semi-arid,Onion
Maharashtra,Kolhapur,Sandy,Zaid,1,11.1,Humid,Groundnut
Maharashtra,Ahmednagar,Clay,Rabi,1,13.6,Semi-arid,Gram
Karnataka,Bangalore Rural,Clay,Zaid,0,15.1,Semi-arid,Maize
Maharashtra,Nagpur,Black,Rabi,0,10.8,Sub-humid,Gram
Gujarat,Vadodara,Sandy,Zaid,1,14.8,Semi-arid,Groundnut
Maharashtra,Ahmednagar,Red,Kharif,1,21.5,Semi-arid,Sunflower
Maharashtra,Nashik,Sandy,Rabi,1,24.2,Semi-arid,Wheat
Karnataka,Mysore,Alluvial,Rabi,1,22.7,Humid,Wheat
Gujarat,Vadodara,Clay,Kharif,1,1.3,Semi-arid,Rice
Maharashtra,Aurangabad,Sandy,Rabi,1,20.9,Semi-arid,Onion
Maharashtra,Aurangabad,Sandy,Rabi,1,22.3,Semi-arid,Sunflower
Karnataka,Hubli,Clay,Rabi,1,5.3,Semi-arid,Gram
Karnataka,Mysore,Alluvial,Kharif,1,18.6,Humid,Maize
Karnataka,Mysore,Laterite,Rabi,1,17.5,Humid,Onion
Maharashtra,Nashik,Clay,Zaid,1,1.4,Semi-arid,Groundnut
Maharashtra,Pune,Sandy,Rabi,1,15.6,Semi-arid,Wheat
Maharashtra,Pune,Loamy,Zaid,0,13.2,Semi-arid,Sunflower
Gujarat,Rajkot,Black,Kharif,1,8.2,Semi-arid,Cotton
Gujarat,Surat,Alluvial,Zaid,0,17.1,Humid,Maize
Karnataka,Gulbarga,Clay,Rabi,1,11.9,Semi-arid,Wheat
Karnataka,Bangalore Rural,Sandy,Rabi,1,22.4,Semi-arid,Sunflower
Maharashtra,Nagpur,Alluvial,Kharif,1,21.1,Sub-humid,Maize
Maharashtra,Satara,Loamy,Zaid,1,5.2,Humid,Maize
Karnataka,Bangalore Rural,Laterite,Rabi,1,7.0,Semi-arid,Onion
Gujarat,Rajkot,Red,Zaid,1,23.6,Semi-arid,Maize
Maharashtra,Nagpur,Sandy,Kharif,0,4.6,Sub-humid,Groundnut
Maharashtra,Kolhapur,Black,Kharif,0,24.7,Humid,Sunflower
Maharashtra,Ahmednagar,Sandy,Rabi,0,19.0,Semi-arid,Sunflower
Karnataka,Gulbarga,Clay,Zaid,1,2.7,Semi-arid,Groundnut
Maharashtra,Ahmednagar,Clay,Rabi,1,7.1,Semi-arid,Wheat
Gujarat,Surat,Red,Rabi,1,13.5,Humid,Sunflower
Maharashtra,Ahmednagar,Clay,Kharif,0,24.9,Semi-arid,Rice
Karnataka,Belgaum,Sandy,Zaid,1,12.0,Semi-arid,Groundnut
Gujarat,Vadodara,Loamy,Kharif,0,20.0,Semi-arid,Maize
Karnataka,Mysore,Loamy,Zaid,0,14.9,Humid,Maize
Gujarat,Vadodara,Clay,Rabi,1,24.2,Semi-arid,Gram
Maharashtra,Aurangabad,Alluvial,Zaid,1,22.5,Semi-arid,Onion
Gujarat,Surat,Black,Zaid,1,14.5,Humid,Sunflower
Maharashtra,Solapur,Sandy,Kharif,1,23.9,Arid,Groundnut
Maharashtra,Nagpur,Alluvial,Kharif,0,16.2,Sub-humid,Rice
Karnataka,Belgaum,Clay,Rabi,1,8.4,Semi-arid,Wheat
Karnataka,Bangalore Rural,Sandy,Rabi,1,16.7,Semi-arid,Gram
Gujarat,Surat,Clay,Zaid,1,5.5,Humid,Groundnut
Gujarat,Ahmedabad,Red,Kharif,1,21.6,Arid,Tur
Maharashtra,Solapur,Laterite,Zaid,1,10.7,Arid,Groundnut
Gujarat,Junagadh,Alluvial,Zaid,1,16.7,Arid,Onion
Gujarat,Vadodara,Alluvial,Rabi,1,13.6,Semi-arid,Gram
Maharashtra,Aurangabad,Loamy,Rabi,0,18.1,Semi-arid,Wheat
Karnataka,Hubli,Red,Kharif,1,24.4,Semi-arid,Jowar
Gujarat,Rajkot,Loamy,Kharif,1,14.4,Semi-arid,Cotton
Gujarat,Surat,Clay,Zaid,1,15.4,Humid,Groundnut
Maharashtra,Solapur,Black,Rabi,1,18.6,Arid,Wheat
Gujarat,Surat,Laterite,Kharif,0,19.2,Humid,Tur
Maharashtra,Ahmednagar,Clay,Zaid,1,3.4,Semi-arid,Onion
Karnataka,Gulbarga,Laterite,Rabi,1,1.6,Semi-arid,Wheat
Gujarat,Ahmedabad,Black,Kharif,1,23.3,Arid,Sunflower
Maharashtra,Nashik,Red,Rabi,1,17.6,Semi-arid,Sunflower
Karnataka,Gulbarga,Alluvial,Rabi,1,11.3,Semi-arid,Wheat
Maharashtra,Pune,Loamy,Kharif,1,5.1,Semi-arid,Cotton
Gujarat,Rajkot,Clay,Rabi,1,1.0,Semi-arid,Wheat
Maharashtra,Nagpur,Alluvial,Zaid,1,8.3,Sub-humid,Onion
Gujarat,Ahmedabad,Alluvial,Zaid,0,14.7,Arid,Maize
Gujarat,Junagadh,Black,Kharif,1,22.4,Arid,Sunflower
Gujarat,Ahmedabad,Alluvial,Zaid,1,18.3,Arid,Onion
Gujarat,Junagadh,Clay,Kharif,0,7.0,Arid,Rice
Karnataka,Bangalore Rural,Loamy,Zaid,1,7.9,Semi-arid,Maize
Gujarat,Vadodara,Alluvial,Zaid,0,6.9,Semi-arid,Maize
Karnataka,Gulbarga,Red,Rabi,0,8.9,Semi-arid,Sunflower
Karnataka,Mysore,Clay,Kharif,1,14.1,Humid,Rice
Gujarat,Junagadh,Loamy,Kharif,0,8.1,Arid,Cotton
Karnataka,Bangalore Rural,Clay,Rabi,0,16.3,Semi-arid,Gram
Maharashtra,Nashik,Black,Zaid,1,20.2,Semi-arid,Sunflower
Maharashtra,Solapur,Red,Zaid,0,19.6,Arid,Maize
Gujarat,Junagadh,Alluvial,Kharif,0,21.6,Arid,Maize
Maharashtra,Pune,Black,Rabi,1,11.3,Semi-arid,Sunflower
Karnataka,Mysore,Black,Rabi,1,23.1,Humid,Gram
Karnataka,Hubli,Red,Zaid,1,18.7,Semi-arid,Sunflower
Karnataka,Bangalore Rural,Clay,Zaid,1,23.8,Semi-arid,Onion
Karnataka,Belgaum,Sandy,Kharif,0,10.1,Semi-arid,Groundnut
Gujarat,Rajkot,Alluvial,Zaid,1,23.1,Semi-arid,Onion
Karnataka,Hubli,Loamy,Rabi,1,19.1,Semi-arid,Gram
Gujarat,Rajkot,Loamy,Rabi,1,24.5,Semi-arid,Gram
Karnataka,Hubli,Clay,Rabi,0,11.1,Semi-arid,Wheat
Maharashtra,Satara,Clay,Zaid,1,6.1,Humid,Groundnut
Karnataka,Mysore,Black,Rabi,1,17.4,Humid,Sunflower
Maharashtra,Nagpur,Black,Rabi,0,10.5,Sub-humid,Sunflower
Karnataka,Gulbarga,Sandy,Rabi,0,6.7,Semi-arid,Onion
Gujarat,Vadodara,Sandy,Kharif,0,24.3,Semi-arid,Groundnut
Maharashtra,Satara,Alluvial,Zaid,1,5.2,Humid,Onion
Gujarat,Ahmedabad,Laterite,Rabi,1,10.7,Arid,Sunflower
Maharashtra,Pune,Black,Kharif,1,23.2,Semi-arid,Sunflower
Karnataka,Bangalore Rural,Sandy,Zaid,0,6.9,Semi-arid,Groundnut
Karnataka,Hubli,Sandy,Zaid,1,14.9,Semi-arid,Groundnut
Maharashtra,Kolhapur,Clay,Kharif,0,11.9,Humid,Rice
Karnataka,Hubli,Laterite,Rabi,0,7.8,Semi-arid,Gram
Karnataka,Mysore,Black,Rabi,1,17.8,Humid,Gram
Gujarat,Junagadh,Red,Kharif,1,7.3,Arid,Jowar
Karnataka,Bangalore Rural,Laterite,Rabi,1,14.2,Semi-arid,Sunflower
Gujarat,Vadodara,Black,Kharif,1,23.3,Semi-arid,Soybean
Maharashtra,Ahmednagar,Red,Rabi,0,1.9,Semi-arid,Sunflower
Maharashtra,Pune,Loamy,Kharif,1,10.5,Semi-arid,Soybean
Karnataka,Gulbarga,Laterite,Kharif,1,10.0,Semi-arid,Tur
Gujarat,Vadodara,Alluvial,Rabi,1,10.3,Semi-arid,Wheat
Maharashtra,Nashik,Sandy,Kharif,1,10.7,Semi-arid,Groundnut
Karnataka,Belgaum,Laterite,Rabi,1,10.3,Semi-arid,Gram
Maharashtra,Pune,Black,Zaid,1,13.1,Semi-arid,Sunflower
Karnataka,Hubli,Clay,Rabi,1,8.8,Semi-arid,Gram
Gujarat,Surat,Red,Rabi,1,10.2,Humid,Sunflower
Gujarat,Vadodara,Sandy,Zaid,0,10.4,Semi-arid,Groundnut
Gujarat,Surat,Red,Kharif,1,8.7,Humid,Maize
Gujarat,Ahmedabad,Black,Rabi,1,22.6,Arid,Sunflower
Gujarat,Surat,Laterite,Rabi,1,18.7,Humid,Gram
Maharashtra,Nagpur,Loamy,Rabi,1,11.8,Sub-humid,Sunflower
Maharashtra,Solapur,Sandy,Zaid,1,21.7,Arid,Groundnut
Gujarat,Ahmedabad,Sandy,Rabi,0,13.4,Arid,Sunflower
Gujarat,Junagadh,Laterite,Zaid,1,8.8,Arid,Groundnut
Gujarat,Vadodara,Alluvial,Kharif,1,15.0,Semi-arid,Maize
Gujarat,Junagadh,Clay,Rabi,1,18.2,Arid,Gram
Gujarat,Rajkot,Red,Kharif,0,14.5,Semi-arid,Maize
Gujarat,Vadodara,Red,Rabi,1,9.2,Semi-arid,Sunflower
Karnataka,Bangalore Rural,Clay,Zaid,0,13.4,Semi-arid,Maize
Maharashtra,Kolhapur,Clay,Zaid,1,21.9,Humid,Onion
Karnataka,Hubli,Black,Rabi,1,16.6,Semi-arid,Gram
Maharashtra,Aurangabad,Alluvial,Rabi,0,22.3,Semi-arid,Onion
Gujarat,Rajkot,Clay,Kharif,0,21.5,Semi-arid,Rice
Karnataka,Belgaum,Alluvial,Rabi,0,8.4,Semi-arid,Gram
Karnataka,Belgaum,Loamy,Kharif,1,1.7,Semi-arid,Maize
Maharashtra,Nashik,Loamy,Rabi,1,8.9,Semi-arid,Gram
Karnataka,Hubli,Loamy,Zaid,1,1.1,Semi-arid,Sunflower
Maharashtra,Satara,Laterite,Kharif,0,3.5,Humid,Tur
Gujarat,Rajkot,Clay,Rabi,1,9.1,Semi-arid,Gram
Karnataka,Mysore,Black,Rabi,1,12.8,Humid,Wheat
Maharashtra,Nagpur,Sandy,Rabi,1,4.6,Sub-humid,Gram
Maharashtra,Ahmednagar,Laterite,Zaid,0,15.9,Semi-arid,Groundnut
Maharashtra,Nagpur,Red,Rabi,1,20.9,Sub-humid,Sunflower
Maharashtra,Satara,Black,Kharif,1,6.2,Humid,Jowar
Karnataka,Hubli,Clay,Rabi,1,15.6,Semi-arid,Wheat
Maharashtra,Kolhapur,Red,Rabi,1,12.8,Humid,Sunflower
Maharashtra,Aurangabad,Black,Rabi,1,18.4,Semi-arid,Sunflower
Karnataka,Belgaum,Sandy,Kharif,0,23.2,Semi-arid,Groundnut
Gujarat,Junagadh,Loamy,Zaid,0,22.6,Arid,Maize
Gujarat,Ahmedabad,Loamy,Rabi,1,16.7,Arid,Sunflower
Maharashtra,Nagpur,Laterite,Rabi,1,6.8,Sub-humid,Sunflower
Gujarat,Ahmedabad,Laterite,Rabi,1,9.9,Arid,Gram
Maharashtra,Ahmednagar,Red,Rabi,1,19.3,Semi-arid,Sunflower
Karnataka,Gulbarga,Laterite,Zaid,1,1.0,Semi-arid,Groundnut
Maharashtra,Kolhapur,Alluvial,Zaid,1,7.0,Humid,Maize
Gujarat,Vadodara,Loamy,Kharif,1,22.7,Semi-arid,Soybean
Maharashtra,Nashik,Laterite,Kharif,0,23.3,Semi-arid,Groundnut
Gujarat,Ahmedabad,Black,Rabi,0,20.4,Arid,Sunflower
Karnataka,Hubli,Loamy,Zaid,1,13.6,Semi-arid,Sunflower
Maharashtra,Pune,Black,Zaid,0,21.8,Semi-arid,Sunflower
Gujarat,Surat,Black,Kharif,1,20.5,Humid,Jowar
Gujarat,Ahmedabad,Alluvial,Kharif,0,22.4,Arid,Rice
Gujarat,Junagadh,Loamy,Rabi,1,5.9,Arid,Wheat
Karnataka,Gulbarga,Laterite,Kharif,0,17.1,Semi-arid,Groundnut
Maharashtra,Pune,Laterite,Kharif,1,18.4,Semi-arid,Tur
Karnataka,Bangalore Rural,Black,Kharif,0,16.9,Semi-arid,Jowar
Gujarat,Rajkot,Black,Zaid,1,17.0,Semi-arid,Sunflower
Maharashtra,Pune,Laterite,Rabi,1,16.8,Semi-arid,Wheat
Karnataka,Gulbarga,Alluvial,Zaid,1,1.2,Semi-arid,Maize
Gujarat,Vadodara,Laterite,Zaid,1,14.5,Semi-arid,Groundnut
Maharashtra,Solapur,Laterite,Rabi,1,22.8,Arid,Sunflower
Maharashtra,Kolhapur,Loamy,Rabi,1,6.5,Humid,Wheat
Gujarat,Surat,Clay,Rabi,1,25.0,Humid,Wheat
Karnataka,Hubli,Loamy,Zaid,1,21.2,Semi-arid,Maize
Karnataka,Belgaum,Clay,Zaid,1,24.6,Semi-arid,Groundnut
Gujarat,Rajkot,Clay,Rabi,0,23.4,Semi-arid,Gram
Gujarat,Junagadh,Red,Zaid,0,10.5,Arid,Maize
Gujarat,Ahmedabad,Sandy,Kharif,1,20.3,Arid,Groundnut
Gujarat,Vadodara,Loamy,Kharif,1,15.9,Semi-arid,Soybean
Gujarat,Ahmedabad,Sandy,Rabi,1,20.7,Arid,Wheat
Maharashtra,Pune,Loamy,Kharif,1,3.4,Semi-arid,Sunflower
Maharashtra,Nagpur,Loamy,Rabi,0,3.2,Sub-humid,Sunflower
Maharashtra,Satara,Red,Rabi,1,9.1,Humid,Sunflower
Maharashtra,Ahmednagar,Black,Kharif,1,11.8,Semi-arid,Sunflower
Gujarat,Vadodara,Loamy,Rabi,1,16.7,Semi-arid,Gram
Maharashtra,Nagpur,Red,Zaid,0,24.9,Sub-humid,Sunflower
Gujarat,Junagadh,Clay,Rabi,0,15.3,Arid,Gram
Karnataka,Hubli,Red,Zaid,0,24.9,Semi-arid,Groundnut
Karnataka,Gulbarga,Clay,Zaid,1,4.8,Semi-arid,Groundnut
Maharashtra,Nashik,Loamy,Kharif,1,21.5,Semi-arid,Sunflower
Karnataka,Mysore,Black,Kharif,0,17.3,Humid,Sunflower
Gujarat,Junagadh,Laterite,Rabi,1,2.8,Arid,Gram
Karnataka,Bangalore Rural,Alluvial,Kharif,1,18.9,Semi-arid,Maize
Maharashtra,Solapur,Alluvial,Kharif,1,3.8,Arid,Maize
Maharashtra,Aurangabad,Clay,Zaid,0,21.2,Semi-arid,Maize
Karnataka,Bangalore Rural,Sandy,Zaid,0,24.2,Semi-arid,Groundnut
Gujarat,Ahmedabad,Laterite,Zaid,1,11.6,Arid,Groundnut
Maharashtra,Kolhapur,Red,Kharif,1,8.4,Humid,Sunflower
Gujarat,Rajkot,Black,Rabi,1,23.0,Semi-arid,Gram
Maharashtra,Nagpur,Sandy,Zaid,1,13.5,Sub-humid,Groundnut
Maharashtra,Kolhapur,Laterite,Zaid,1,4.8,Humid,Groundnut
Gujarat,Junagadh,Alluvial,Kharif,0,17.8,Arid,Maize
Gujarat,Surat,Clay,Rabi,1,16.5,Humid,Gram
Maharashtra,Pune,Loamy,Rabi,1,23.2,Semi-arid,Gram
Karnataka,Bangalore Rural,Sandy,Zaid,0,24.0,Semi-arid,Groundnut
Gujarat,Surat,Red,Kharif,1,5.5,Humid,Maize
Maharashtra,Nashik,Red,Rabi,1,17.8,Semi-arid,Sunflower
Maharashtra,Kolhapur,Laterite,Zaid,1,16.9,Humid,Groundnut
Gujarat,Rajkot,Clay,Zaid,1,24.0,Semi-arid,Groundnut
Gujarat,Junagadh,Alluvial,Rabi,1,6.3,Arid,Wheat
Gujarat,Surat,Loamy,Rabi,1,11.7,Humid,Wheat
Karnataka,Mysore,Clay,Zaid,1,24.6,Humid,Onion
Maharashtra,Ahmednagar,Loamy,Rabi,1,22.5,Semi-arid,Wheat
Karnataka,Mysore,Laterite,Kharif,1,0.9,Humid,Tur
Karnataka,Gulbarga,Alluvial,Rabi,1,5.1,Semi-arid,Gram
Gujarat,Vadodara,Alluvial,Rabi,1,16.1,Semi-arid,Wheat
Maharashtra,Ahmednagar,Clay,Zaid,1,12.2,Semi-arid,Onion
Karnataka,Hubli,Black,Kharif,0,14.7,Semi-arid,Soybean
Gujarat,Surat,Red,Zaid,1,15.9,Humid,Maize
Karnataka,Gulbarga,Clay,Kharif,1,6.5,Semi-arid,Rice
Gujarat,Rajkot,Red,Kharif,1,4.8,Semi-arid,Tur
Karnataka,Gulbarga,Red,Rabi,0,20.0,Semi-arid,Sunflower
Karnataka,Bangalore Rural,Clay,Kharif,1,24.2,Semi-arid,Rice
Karnataka,Bangalore Rural,Loamy,Rabi,0,24.9,Semi-arid,Sunflower
Gujarat,Surat,Clay,Rabi,0,9.1,Humid,Gram
Karnataka,Belgaum,Alluvial,Zaid,1,23.1,Semi-arid,Maize
Maharashtra,Aurangabad,Sandy,Rabi,1,7.2,Semi-arid,Gram
Maharashtra,Aurangabad,Clay,Zaid,1,1.4,Semi-arid,Onion
Karnataka,Mysore,Black,Kharif,1,11.6,Humid,Jowar
Maharashtra,Pune,Alluvial,Kharif,1,24.0,Semi-arid,Rice
Maharashtra,Solapur,Clay,Kharif,1,23.1,Arid,Rice
Karnataka,Mysore,Black,Zaid,1,19.7,Humid,Sunflower
Karnataka,Hubli,Black,Zaid,1,6.2,Semi-arid,Sunflower
Maharashtra,Solapur,Clay,Kharif,1,7.3,Arid,Rice
Gujarat,Ahmedabad,Red,Zaid,1,1.4,Arid,Maize
Gujarat,Ahmedabad,Loamy,Kharif,0,14.0,Arid,Cotton
Maharashtra,Aurangabad,Alluvial,Kharif,0,15.5,Semi-arid,Rice
Gujarat,Junagadh,Loamy,Kharif,1,23.6,Arid,Sunflower
Karnataka,Gulbarga,Loamy,Kharif,1,17.1,Semi-arid,Cotton
Maharashtra,Kolhapur,Sandy,Kharif,0,2.2,Humid,Groundnut
Maharashtra,Pune,Red,Zaid,1,6.2,Semi-arid,Maize
Karnataka,Hubli,Alluvial,Zaid,0,16.1,Semi-arid,Maize
Karnataka,Hubli,Loamy,Rabi,1,8.5,Semi-arid,Sunflower
Maharashtra,Satara,Red,Kharif,1,19.7,Humid,Sunflower
Maharashtra,Solapur,Black,Kharif,1,15.6,Arid,Jowar
Maharashtra,Satara,Black,Kharif,1,15.3,Humid,Soybean
Maharashtra,Pune,Red,Rabi,0,2.8,Semi-arid,Sunflower
Maharashtra,Nagpur,Sandy,Zaid,1,2.5,Sub-humid,Groundnut
Gujarat,Ahmedabad,Alluvial,Kharif,1,9.7,Arid,Maize
Maharashtra,Solapur,Clay,Rabi,1,23.9,Arid,Gram
Maharashtra,Nagpur,Black,Kharif,1,11.2,Sub-humid,Soybean
Maharashtra,Nagpur,Black,Kharif,1,19.9,Sub-humid,Soybean
Karnataka,Hubli,Red,Kharif,0,17.8,Semi-arid,Sunflower
Karnataka,Belgaum,Loamy,Kharif,1,10.0,Semi-arid,Cotton
Gujarat,Rajkot,Laterite,Rabi,0,5.7,Semi-arid,Onion
Karnataka,Belgaum,Clay,Rabi,1,22.3,Semi-arid,Gram
Maharashtra,Kolhapur,Red,Rabi,1,22.3,Humid,Sunflower
Karnataka,Mysore,Alluvial,Kharif,0,14.9,Humid,Maize
Gujarat,Vadodara,Red,Zaid,1,24.0,Semi-arid,Groundnut
Maharashtra,Nashik,Clay,Rabi,0,21.5,Semi-arid,Gram
Gujarat,Junagadh,Alluvial,Zaid,1,0.7,Arid,Onion
Maharashtra,Solapur,Loamy,Kharif,1,14.9,Arid,Maize
Karnataka,Mysore,Loamy,Rabi,1,1.7,Humid,Sunflower
Gujarat,Surat,Clay,Kharif,1,3.1,Humid,Rice
Gujarat,Surat,Loamy,Zaid,1,16.7,Humid,Maize
Gujarat,Ahmedabad,Black,Zaid,1,20.4,Arid,Sunflower
Maharashtra,Pune,Laterite,Kharif,0,22.8,Semi-arid,Groundnut
Maharashtra,Nashik,Red,Zaid,1,10.1,Semi-arid,Maize
Karnataka,Belgaum,Red,Rabi,1,6.7,Semi-arid,Sunflower
Maharashtra,Solapur,Laterite,Zaid,1,20.4,Arid,Groundnut
Gujarat,Rajkot,Sandy,Kharif,1,9.6,Semi-arid,Groundnut
Maharashtra,Ahmednagar,Red,Rabi,0,17.5,Semi-arid,Sunflower
Gujarat,Surat,Red,Kharif,1,12.5,Humid,Sunflower
Maharashtra,Nagpur,Black,Kharif,1,24.0,Sub-humid,Cotton
Karnataka,Mysore,Alluvial,Kharif,1,21.8,Humid,Rice
Maharashtra,Nagpur,Loamy,Kharif,1,6.9,Sub-humid,Sunflower
Maharashtra,Aurangabad,Loamy,Kharif,1,13.7,Semi-arid,Maize
Gujarat,Rajkot,Red,Kharif,1,3.4,Semi-arid,Cotton
Gujarat,Vadodara,Laterite,Rabi,0,4.0,Semi-arid,Sunflower
Gujarat,Surat,Black,Kharif,1,13.9,Humid,Soybean
Maharashtra,Pune,Sandy,Zaid,1,11.3,Semi-arid,Groundnut
Gujarat,Surat,Clay,Zaid,1,5.1,Humid,Groundnut
Maharashtra,Nashik,Black,Zaid,1,9.5,Semi-arid,Sunflower
Karnataka,Gulbarga,Red,Rabi,1,4.3,Semi-arid,Sunflower
Maharashtra,Nashik,Laterite,Kharif,0,1.5,Semi-arid,Groundnut
Karnataka,Bangalore Rural,Loamy,Rabi,1,20.5,Semi-arid,Sunflower
Karnataka,Belgaum,Loamy,Rabi,1,7.6,Semi-arid,Sunflower
Maharashtra,Aurangabad,Loamy,Rabi,0,11.1,Semi-arid,Gram
Maharashtra,Aurangabad,Loamy,Zaid,0,17.2,Semi-arid,Maize
Karnataka,Belgaum,Alluvial,Rabi,1,5.7,Semi-arid,Onion
Gujarat,Surat,Loamy,Rabi,1,0.9,Humid,Gram
Gujarat,Surat,Alluvial,Rabi,1,19.9,Humid,Wheat
Karnataka,Hubli,Red,Rabi,1,23.0,Semi-arid,Sunflower
Maharashtra,Kolhapur,Clay,Zaid,0,20.3,Humid,Groundnut
Maharashtra,Ahmednagar,Red,Rabi,0,6.0,Semi-arid,Sunflower
Karnataka,Gulbarga,Clay,Zaid,1,9.7,Semi-arid,Maize
Gujarat,Junagadh,Loamy,Zaid,0,19.7,Arid,Maize
Maharashtra,Ahmednagar,Loamy,Kharif,1,21.1,Semi-arid,Sunflower
Maharashtra,Nagpur,Loamy,Kharif,1,0.8,Sub-humid,Maize
Gujarat,Ahmedabad,Laterite,Kharif,1,1.8,Arid,Groundnut
Maharashtra,Nagpur,Sandy,Kharif,1,18.2,Sub-humid,Groundnut
Maharashtra,Ahmednagar,Alluvial,Kharif,1,15.8,Semi-arid,Maize
Karnataka,Gulbarga,Sandy,Kharif,1,12.0,Semi-arid,Groundnut
Gujarat,Vadodara,Black,Kharif,1,16.7,Semi-arid,Soybean
Karnataka,Hubli,Alluvial,Kharif,1,22.1,Semi-arid,Rice
Karnataka,Gulbarga,Loamy,Kharif,1,19.7,Semi-arid,Sunflower
Karnataka,Hubli,Clay,Kharif,0,3.7,Semi-arid,Rice
Gujarat,Ahmedabad,Alluvial,Zaid,1,9.5,Arid,Maize
Gujarat,Surat,Sandy,Zaid,0,22.9,Humid,Groundnut
Karnataka,Mysore,Alluvial,Kharif,1,19.2,Humid,Rice
Gujarat,Junagadh,Alluvial,Rabi,1,2.7,Arid,Onion
Karnataka,Belgaum,Loamy,Rabi,1,14.0,Semi-arid,Gram
Gujarat,Rajkot,Clay,Rabi,1,13.5,Semi-arid,Wheat
Karnataka,Bangalore Rural,Alluvial,Zaid,1,3.0,Semi-arid,Onion
Karnataka,Belgaum,Sandy,Rabi,0,14.6,Semi-arid,Wheat
Karnataka,Hubli,Black,Zaid,1,2.9,Semi-arid,Sunflower
Karnataka,Belgaum,Sandy,Kharif,1,7.5,Semi-arid,Groundnut
Maharashtra,Nagpur,Laterite,Zaid,0,5.8,Sub-humid,Groundnut
Maharashtra,Solapur,Loamy,Kharif,0,10.4,Arid,Sunflower
Maharashtra,Satara,Black,Kharif,1,4.6,Humid,Cotton
Karnataka,Bangalore Rural,Black,Zaid,1,11.6,Semi-arid,Sunflower
Gujarat,Vadodara,Alluvial,Kharif,1,13.7,Semi-arid,Rice
Gujarat,Rajkot,Clay,Zaid,1,16.5,Semi-arid,Maize
Karnataka,Gulbarga,Alluvial,Kharif,1,12.4,Semi-arid,Maize
Karnataka,Belgaum,Sandy,Rabi,1,18.2,Semi-arid,Sunflower
Maharashtra,Kolhapur,Red,Rabi,0,18.8,Humid,Sunflower
Maharashtra,Satara,Loamy,Kharif,0,16.2,Humid,Maize
Karnataka,Bangalore Rural,Laterite,Zaid,1,24.7,Semi-arid,Groundnut
Maharashtra,Nashik,Laterite,Kharif,1,3.9,Semi-arid,Groundnut
Gujarat,Rajkot,Black,Zaid,0,1.6,Semi-arid,Sunflower
Gujarat,Rajkot,Red,Zaid,0,11.7,Semi-arid,Groundnut
Karnataka,Hubli,Loamy,Zaid,1,22.9,Semi-arid,Sunflower
Maharashtra,Pune,Laterite,Zaid,1,21.0,Semi-arid,Groundnut
Maharashtra,Nagpur,Laterite,Kharif,1,23.2,Sub-humid,Tur
Karnataka,Belgaum,Laterite,Rabi,1,5.8,Semi-arid,Gram
Gujarat,Surat,Black,Zaid,0,14.5,Humid,Sunflower
Maharashtra,Aurangabad,Sandy,Zaid,1,1.2,Semi-arid,Groundnut
Maharashtra,Nashik,Black,Kharif,1,13.2,Semi-arid,Cotton
Gujarat,Vadodara,Black,Zaid,1,3.9,Semi-arid,Sunflower
Gujarat,Junagadh,Sandy,Kharif,1,16.9,Arid,Groundnut
Karnataka,Belgaum,Sandy,Zaid,1,13.8,Semi-arid,Groundnut
Gujarat,Vadodara,Laterite,Kharif,1,4.5,Semi-arid,Tur
Maharashtra,Aurangabad,Alluvial,Kharif,0,8.9,Semi-arid,Maize
Karnataka,Hubli,Sandy,Rabi,0,12.3,Semi-arid,Onion
Gujarat,Junagadh,Laterite,Zaid,1,13.8,Arid,Groundnut
Gujarat,Rajkot,Alluvial,Rabi,1,7.7,Semi-arid,Gram
Maharashtra,Satara,Sandy,Zaid,1,23.8,Humid,Groundnut
Gujarat,Rajkot,Loamy,Zaid,1,11.1,Semi-arid,Maize
Karnataka,Gulbarga,Red,Rabi,0,6.3,Semi-arid,Sunflower
Karnataka,Mysore,Clay,Kharif,1,15.0,Humid,Rice
Maharashtra,Kolhapur,Sandy,Zaid,1,19.9,Humid,Groundnut
Maharashtra,Satara,Alluvial,Rabi,1,14.0,Humid,Gram
Maharashtra,Ahmednagar,Laterite,Rabi,0,1.1,Semi-arid,Gram
Gujarat,Surat,Loamy,Kharif,1,15.8,Humid,Cotton
Gujarat,Vadodara,Alluvial,Rabi,1,5.2,Semi-arid,Gram
Karnataka,Belgaum,Loamy,Zaid,1,4.2,Semi-arid,Maize
Maharashtra,Kolhapur,Black,Zaid,0,2.6,Humid,Sunflower
Maharashtra,Aurangabad,Loamy,Zaid,0,13.4,Semi-arid,Maize
Gujarat,Rajkot,Clay,Zaid,1,21.4,Semi-arid,Onion
Maharashtra,Kolhapur,Red,Zaid,1,21.4,Humid,Maize
Maharashtra,Aurangabad,Sandy,Zaid,0,10.9,Semi-arid,Groundnut
Maharashtra,Pune,Black,Rabi,0,13.4,Semi-arid,Gram
Maharashtra,Ahmednagar,Red,Rabi,1,12.8,Semi-arid,Sunflower
Gujarat,Vadodara,Black,Rabi,1,7.1,Semi-arid,Sunflower
Karnataka,Mysore,Black,Zaid,1,10.6,Humid,Sunflower
Gujarat,Surat,Laterite,Rabi,0,10.2,Humid,Gram
Maharashtra,Kolhapur,Loamy,Zaid,0,4.1,Humid,Sunflower
Gujarat,Junagadh,Black,Rabi,0,19.8,Arid,Wheat
Maharashtra,Solapur,Laterite,Kharif,0,3.4,Arid,Tur
Gujarat,Rajkot,Laterite,Zaid,1,1.9,Semi-arid,Groundnut
Gujarat,Junagadh,Clay,Kharif,1,23.5,Arid,Rice
Karnataka,Mysore,Laterite,Zaid,1,20.1,Humid,Groundnut
Gujarat,Vadodara,Red,Zaid,1,18.1,Semi-arid,Maize
Karnataka,Bangalore Rural,Red,Kharif,0,17.8,Semi-arid,Groundnut
Maharashtra,Satara,Laterite,Zaid,1,20.8,Humid,Groundnut
Maharashtra,Kolhapur,Alluvial,Kharif,1,21.3,Humid,Rice
Maharashtra,Aurangabad,Loamy,Rabi,1,18.3,Semi-arid,Gram
Karnataka,Belgaum,Loamy,Kharif,1,20.7,Semi-arid,Maize
Karnataka,Hubli,Loamy,Zaid,1,18.4,Semi-arid,Sunflower
Gujarat,Ahmedabad,Black,Kharif,0,20.5,Arid,Sunflower
Maharashtra,Solapur,Clay,Rabi,1,1.4,Arid,Gram
Karnataka,Hubli,Alluvial,Zaid,1,23.1,Semi-arid,Maize
Karnataka,Bangalore Rural,Red,Kharif,1,8.1,Semi-arid,Groundnut
Karnataka,Mysore,Clay,Rabi,1,23.1,Humid,Wheat
Gujarat,Surat,Laterite,Kharif,1,14.5,Humid,Tur
Gujarat,Vadodara,Laterite,Rabi,1,6.3,Semi-arid,Wheat
Gujarat,Rajkot,Black,Rabi,0,18.5,Semi-arid,Sunflower
Gujarat,Vadodara,Clay,Kharif,1,8.4,Semi-arid,Rice
Gujarat,Vadodara,Sandy,Rabi,0,18.8,Semi-arid,Onion
Karnataka,Mysore,Clay,Zaid,1,5.4,Humid,Groundnut
Maharashtra,Ahmednagar,Red,Kharif,1,10.8,Semi-arid,Cotton
Gujarat,Ahmedabad,Alluvial,Kharif,1,16.0,Arid,Rice
Gujarat,Rajkot,Laterite,Kharif,0,21.1,Semi-arid,Groundnut
Gujarat,Ahmedabad,Loamy,Kharif,1,24.5,Arid,Sunflower
Karnataka,Gulbarga,Loamy,Zaid,1,3.9,Semi-arid,Maize
Gujarat,Vadodara,Loamy,Zaid,0,7.3,Semi-arid,Sunflower
Gujarat,Junagadh,Laterite,Kharif,1,15.2,Arid,Tur
Gujarat,Vadodara,Sandy,Kharif,1,21.6,Semi-arid,Groundnut
Karnataka,Bangalore Rural,Sandy,Zaid,0,7.1,Semi-arid,Groundnut
Gujarat,Vadodara,Red,Zaid,0,22.1,Semi-arid,Groundnut
Maharashtra,Aurangabad,Clay,Zaid,1,19.1,Semi-arid,Sunflower
Gujarat,Vadodara,Clay,Rabi,0,21.6,Semi-arid,Wheat
Maharashtra,Solapur,Red,Kharif,1,24.4,Arid,Cotton
Maharashtra,Nagpur,Red,Rabi,0,19.3,Sub-humid,Sunflower
Maharashtra,Nashik,Black,Zaid,1,20.2,Semi-arid,Sunflower
Maharashtra,Pune,Clay,Kharif,1,2.7,Semi-arid,Rice
Karnataka,Gulbarga,Laterite,Kharif,1,16.5,Semi-arid,Tur
Gujarat,Surat,Alluvial,Rabi,0,12.8,Humid,Gram
Karnataka,Hubli,Loamy,Zaid,0,9.7,Semi-arid,Sunflower
Karnataka,Hubli,Sandy,Zaid,0,17.1,Semi-arid,Groundnut
Gujarat,Rajkot,Sandy,Zaid,1,8.9,Semi-arid,Groundnut
Gujarat,Vadodara,Clay,Rabi,0,15.5,Semi-arid,Wheat
Maharashtra,Solapur,Loamy,Zaid,1,0.5,Arid,Maize
Karnataka,Hubli,Alluvial,Rabi,1,7.0,Semi-arid,Onion
Maharashtra,Solapur,Clay,Zaid,1,13.8,Arid,Onion
Gujarat,Surat,Red,Zaid,1,14.9,Humid,Maize
Gujarat,Rajkot,Sandy,Zaid,0,19.9,Semi-arid,Groundnut
Karnataka,Gulbarga,Alluvial,Zaid,1,24.0,Semi-arid,Maize
Karnataka,Belgaum,Black,Rabi,0,8.7,Semi-arid,Sunflower
Maharashtra,Aurangabad,Laterite,Rabi,0,11.1,Semi-arid,Gram
Karnataka,Bangalore Rural,Sandy,Rabi,1,8.3,Semi-arid,Wheat
Maharashtra,Aurangabad,Alluvial,Kharif,1,14.8,Semi-arid,Maize
Gujarat,Ahmedabad,Loamy,Rabi,1,13.8,Arid,Sunflower
Gujarat,Junagadh,Laterite,Rabi,1,21.2,Arid,Onion
Karnataka,Hubli,Red,Zaid,1,16.8,Semi-arid,Sunflower
Maharashtra,Solapur,Laterite,Kharif,0,19.7,Arid,Tur
Gujarat,Ahmedabad,Laterite,Zaid,1,8.1,Arid,Groundnut
Maharashtra,Nashik,Red,Rabi,0,5.6,Semi-arid,Sunflower
Maharashtra,Pune,Sandy,Rabi,0,23.5,Semi-arid,Gram
Karnataka,Belgaum,Red,Kharif,1,8.7,Semi-arid,Cotton
Maharashtra,Satara,Alluvial,Zaid,0,11.3,Humid,Maize
Gujarat,Surat,Clay,Rabi,1,2.8,Humid,Gram
Gujarat,Vadodara,Black,Rabi,1,16.9,Semi-arid,Wheat
Gujarat,Rajkot,Alluvial,Zaid,1,13.8,Semi-arid,Onion
Karnataka,Bangalore Rural,Red,Kharif,1,10.8,Semi-arid,Tur
Gujarat,Surat,Red,Kharif,0,4.8,Humid,Sunflower
Maharashtra,Nashik,Laterite,Kharif,0,20.2,Semi-arid,Tur
Maharashtra,Solapur,Loamy,Zaid,0,11.4,Arid,Sunflower
Gujarat,Surat,Clay,Rabi,1,22.8,Humid,Gram
Karnataka,Gulbarga,Red,Kharif,1,17.1,Semi-arid,Tur
Gujarat,Vadodara,Laterite,Rabi,0,23.3,Semi-arid,Gram
Maharashtra,Nagpur,Sandy,Kharif,1,12.8,Sub-humid,Groundnut
Karnataka,Belgaum,Loamy,Kharif,0,14.4,Semi-arid,Sunflower
Maharashtra,Aurangabad,Black,Rabi,1,16.6,Semi-arid,Sunflower
Gujarat,Rajkot,Black,Zaid,1,24.0,Semi-arid,Sunflower
Gujarat,Rajkot,Red,Kharif,1,22.4,Semi-arid,Tur
Maharashtra,Pune,Red,Rabi,1,20.9,Semi-arid,Sunflower
Maharashtra,Pune,Laterite,Rabi,0,14.1,Semi-arid,Gram
Maharashtra,Solapur,Laterite,Rabi,1,11.5,Arid,Wheat
Maharashtra,Nagpur,Black,Zaid,1,17.1,Sub-humid,Sunflower
Karnataka,Mysore,Red,Zaid,1,10.4,Humid,Sunflower
Maharashtra,Solapur,Sandy,Rabi,1,15.9,Arid,Onion
Karnataka,Bangalore Rural,Red,Zaid,1,21.5,Semi-arid,Groundnut
Maharashtra,Pune,Loamy,Rabi,0,23.5,Semi-arid,Gram
Karnataka,Hubli,Red,Rabi,1,11.4,Semi-arid,Sunflower
Karnataka,Mysore,Sandy,Rabi,1,8.6,Humid,Sunflower
Maharashtra,Nagpur,Sandy,Zaid,1,19.4,Sub-humid,Groundnut
Maharashtra,Nashik,Laterite,Zaid,1,15.4,Semi-arid,Groundnut
Maharashtra,Nashik,Laterite,Kharif,1,19.3,Semi-arid,Tur
Gujarat,Ahmedabad,Laterite,Kharif,1,19.8,Arid,Tur
Maharashtra,Satara,Sandy,Rabi,0,13.0,Humid,Onion
Maharashtra,Aurangabad,Sandy,Zaid,1,18.4,Semi-arid,Groundnut
Gujarat,Rajkot,Red,Kharif,0,4.0,Semi-arid,Maize
Karnataka,Belgaum,Red,Rabi,1,22.6,Semi-arid,Sunflower
Maharashtra,Satara,Clay,Kharif,1,12.5,Humid,Rice
Karnataka,Belgaum,Sandy,Zaid,0,5.6,Semi-arid,Groundnut
Karnataka,Gulbarga,Red,Rabi,1,20.1,Semi-arid,Sunflower
Gujarat,Vadodara,Laterite,Zaid,1,15.7,Semi-arid,Groundnut
Karnataka,Mysore,Laterite,Kharif,1,24.4,Humid,Groundnut
Gujarat,Junagadh,Loamy,Kharif,1,11.4,Arid,Maize
Karnataka,Bangalore Rural,Clay,Zaid,1,6.6,Semi-arid,Maize
Maharashtra,Kolhapur,Sandy,Kharif,0,14.5,Humid,Groundnut
Karnataka,Mysore,Red,Rabi,1,19.6,Humid,Sunflower
Gujarat,Rajkot,Clay,Zaid,0,11.4,Semi-arid,Sunflower
Maharashtra,Kolhapur,Loamy,Kharif,1,10.4,Humid,Soybean
Maharashtra,Ahmednagar,Alluvial,Rabi,1,12.9,Semi-arid,Gram
Karnataka,Gulbarga,Red,Rabi,0,17.3,Semi-arid,Sunflower
Karnataka,Hubli,Laterite,Zaid,1,4.5,Semi-arid,Groundnut
Maharashtra,Ahmednagar,Alluvial,Rabi,0,24.2,Semi-arid,Wheat
Gujarat,Rajkot,Red,Rabi,0,16.9,Semi-arid,Sunflower
Gujarat,Surat,Laterite,Zaid,1,8.3,Humid,Groundnut
Maharashtra,Nagpur,Black,Zaid,1,11.8,Sub-humid,Sunflower
Karnataka,Mysore,Loamy,Kharif,0,8.0,Humid,Cotton
Karnataka,Hubli,Alluvial,Kharif,1,22.2,Semi-arid,Rice
Gujarat,Ahmedabad,Alluvial,Rabi,1,9.0,Arid,Onion
Karnataka,Belgaum,Loamy,Rabi,0,10.3,Semi-arid,Sunflower
Maharashtra,Aurangabad,Laterite,Rabi,1,9.2,Semi-arid,Onion
Karnataka,Bangalore Rural,Alluvial,Zaid,1,6.1,Semi-arid,Maize
Karnataka,Mysore,Laterite,Rabi,0,15.5,Humid,Gram
Gujarat,Vadodara,Alluvial,Zaid,1,24.9,Semi-arid,Maize
Maharashtra,Ahmednagar,Clay,Rabi,0,24.3,Semi-arid,Gram
Karnataka,Belgaum,Black,Zaid,1,22.8,Semi-arid,Sunflower
Karnataka,Belgaum,Black,Rabi,1,15.3,Semi-arid,Gram
Karnataka,Mysore,Sandy,Rabi,1,3.3,Humid,Wheat
Gujarat,Ahmedabad,Loamy,Kharif,1,17.3,Arid,Maize
Maharashtra,Aurangabad,Sandy,Zaid,1,3.8,Semi-arid,Groundnut
Maharashtra,Nagpur,Black,Kharif,1,1.3,Sub-humid,Sunflower
Gujarat,Surat,Laterite,Rabi,0,19.8,Humid,Onion
Gujarat,Ahmedabad,Alluvial,Rabi,1,16.7,Arid,Onion
Maharashtra,Ahmednagar,Red,Zaid,1,17.4,Semi-arid,Maize
Gujarat,Rajkot,Laterite,Rabi,1,9.2,Semi-arid,Gram
Gujarat,Surat,Black,Rabi,0,4.0,Humid,Wheat
Maharashtra,Kolhapur,Black,Kharif,0,9.9,Humid,Sunflower
Gujarat,Rajkot,Loamy,Kharif,1,0.9,Semi-arid,Maize
Karnataka,Mysore,Laterite,Rabi,1,2.3,Humid,Onion
Maharashtra,Satara,Loamy,Zaid,0,23.2,Humid,Sunflower
Karnataka,Hubli,Red,Kharif,1,22.2,Semi-arid,Sunflower
Maharashtra,Solapur,Red,Zaid,1,7.9,Arid,Groundnut
Karnataka,Gulbarga,Loamy,Rabi,0,11.5,Semi-arid,Gram
Gujarat,Surat,Red,Zaid,1,20.3,Humid,Maize
Maharashtra,Ahmednagar,Loamy,Zaid,0,18.7,Semi-arid,Maize
Gujarat,Surat,Loamy,Zaid,1,24.4,Humid,Sunflower
Gujarat,Vadodara,Clay,Kharif,1,6.1,Semi-arid,Rice
Gujarat,Rajkot,Laterite,Rabi,0,3.0,Semi-arid,Sunflower
Maharashtra,Solapur,Sandy,Rabi,1,13.0,Arid,Gram
Maharashtra,Solapur,Clay,Rabi,1,2.9,Arid,Wheat
Karnataka,Mysore,Clay,Zaid,1,3.8,Humid,Maize
Gujarat,Surat,Alluvial,Rabi,0,14.0,Humid,Onion
Gujarat,Surat,Clay,Kharif,0,5.7,Humid,Rice
Karnataka,Mysore,Clay,Kharif,1,4.1,Humid,Rice
Maharashtra,Aurangabad,Red,Zaid,0,19.5,Semi-arid,Sunflower
Karnataka,Belgaum,Black,Rabi,1,2.6,Semi-arid,Gram
Maharashtra,Nagpur,Loamy,Kharif,1,20.4,Sub-humid,Soybean
Maharashtra,Aurangabad,Alluvial,Rabi,1,3.1,Semi-arid,Wheat
Maharashtra,Nashik,Alluvial,Zaid,1,6.8,Semi-arid,Maize
Karnataka,Belgaum,Black,Zaid,0,23.3,Semi-arid,Sunflower
Maharashtra,Nashik,Loamy,Kharif,1,19.2,Semi-arid,Soybean
Maharashtra,Nashik,Laterite,Rabi,0,20.3,Semi-arid,Wheat
Maharashtra,Solapur,Clay,Zaid,1,20.1,Arid,Groundnut
Karnataka,Gulbarga,Sandy,Zaid,1,7.2,Semi-arid,Groundnut
Karnataka,Mysore,Clay,Kharif,1,6.7,Humid,Rice
Karnataka,Mysore,Sandy,Rabi,1,4.8,Humid,Sunflower
Maharashtra,Solapur,Laterite,Kharif,1,6.4,Arid,Groundnut
Karnataka,Mysore,Clay,Zaid,1,20.5,Humid,Sunflower
Maharashtra,Pune,Clay,Kharif,1,3.3,Semi-arid,Rice
Gujarat,Ahmedabad,Alluvial,Zaid,0,9.8,Arid,Maize
Gujarat,Junagadh,Red,Kharif,1,20.6,Arid,Tur
Maharashtra,Ahmednagar,Alluvial,Rabi,1,15.2,Semi-arid,Gram
Maharashtra,Solapur,Alluvial,Rabi,1,10.5,Arid,Gram
Gujarat,Junagadh,Red,Zaid,0,16.9,Arid,Sunflower
Karnataka,Mysore,Laterite,Zaid,1,14.4,Humid,Groundnut
Karnataka,Mysore,Sandy,Kharif,1,22.7,Humid,Groundnut
Karnataka,Mysore,Laterite,Zaid,1,16.5,Humid,Groundnut
Maharashtra,Nashik,Clay,Kharif,1,5.5,Semi-arid,Rice
Karnataka,Gulbarga,Black,Rabi,1,23.3,Semi-arid,Gram
Maharashtra,Aurangabad,Loamy,Zaid,1,24.1,Semi-arid,Maize
Maharashtra,Aurangabad,Red,Kharif,0,17.7,Semi-arid,Sunflower
Gujarat,Surat,Black,Zaid,0,6.2,Humid,Sunflower
Karnataka,Gulbarga,Loamy,Kharif,1,18.8,Semi-arid,Soybean
Karnataka,Gulbarga,Sandy,Kharif,1,4.7,Semi-arid,Groundnut
Maharashtra,Ahmednagar,Red,Kharif,1,5.0,Semi-arid,Cotton
Maharashtra,Nagpur,Laterite,Zaid,1,9.3,Sub-humid,Groundnut
Gujarat,Surat,Clay,Kharif,1,5.0,Humid,Rice
Maharashtra,Nagpur,Black,Rabi,0,6.5,Sub-humid,Wheat
Maharashtra,Kolhapur,Clay,Kharif,0,1.1,Humid,Rice
Karnataka,Bangalore Rural,Black,Zaid,0,2.6,Semi-arid,Sunflower
Gujarat,Junagadh,Black,Rabi,1,10.3,Arid,Gram
Karnataka,Mysore,Black,Kharif,0,14.8,Humid,Sunflower
Karnataka,Bangalore Rural,Loamy,Zaid,1,17.3,Semi-arid,Maize
Gujarat,Rajkot,Clay,Rabi,0,19.1,Semi-arid,Wheat
Karnataka,Belgaum,Sandy,Zaid,0,2.9,Semi-arid,Groundnut
Maharashtra,Solapur,Loamy,Rabi,1,17.2,Arid,Wheat
Karnataka,Belgaum,Sandy,Kharif,1,15.0,Semi-arid,Groundnut
Maharashtra,Ahmednagar,Alluvial,Kharif,1,5.7,Semi-arid,Maize
Karnataka,Hubli,Alluvial,Zaid,1,12.4,Semi-arid,Onion
Karnataka,Gulbarga,Black,Zaid,0,23.3,Semi-arid,Sunflower
Maharashtra,Satara,Black,Rabi,1,14.6,Humid,Gram
Gujarat,Surat,Clay,Rabi,0,7.3,Humid,Gram
Gujarat,Vadodara,Red,Kharif,1,4.5,Semi-arid,Sunflower
Maharashtra,Nashik,Alluvial,Kharif,0,22.3,Semi-arid,Maize
Maharashtra,Satara,Black,Kharif,1,13.3,Humid,Cotton
Maharashtra,Nashik,Sandy,Rabi,1,2.3,Semi-arid,Sunflower
Gujarat,Vadodara,Sandy,Rabi,1,22.8,Semi-arid,Sunflower
Maharashtra,Kolhapur,Sandy,Kharif,1,6.0,Humid,Groundnut
Gujarat,Junagadh,Clay,Kharif,1,24.6,Arid,Rice
Karnataka,Bangalore Rural,Sandy,Zaid,1,19.0,Semi-arid,Groundnut
Gujarat,Ahmedabad,Loamy,Kharif,1,13.9,Arid,Maize
Karnataka,Gulbarga,Red,Kharif,1,15.0,Semi-arid,Cotton
Gujarat,Surat,Laterite,Rabi,1,20.1,Humid,Wheat
Karnataka,Hubli,Red,Rabi,0,7.4,Semi-arid,Sunflower
Maharashtra,Kolhapur,Laterite,Kharif,1,24.2,Humid,Tur
Gujarat,Rajkot,Laterite,Kharif,0,17.4,Semi-arid,Tur
Karnataka,Gulbarga,Red,Rabi,0,7.8,Semi-arid,Sunflower
Gujarat,Surat,Alluvial,Zaid,1,20.8,Humid,Onion
Karnataka,Belgaum,Clay,Zaid,0,2.2,Semi-arid,Maize
Karnataka,Hubli,Black,Zaid,1,11.6,Semi-arid,Sunflower
Gujarat,Vadodara,Loamy,Rabi,1,5.8,Semi-arid,Gram
Karnataka,Belgaum,Clay,Kharif,1,6.6,Semi-arid,Rice
Maharashtra,Satara,Clay,Rabi,1,17.3,Humid,Wheat
Karnataka,Bangalore Rural,Red,Rabi,1,12.0,Semi-arid,Sunflower
Karnataka,Mysore,Alluvial,Kharif,0,11.9,Humid,Rice
Gujarat,Ahmedabad,Alluvial,Rabi,1,19.0,Arid,Wheat
Gujarat,Rajkot,Red,Rabi,1,17.7,Semi-arid,Sunflower
Maharashtra,Nashik,Alluvial,Kharif,0,8.6,Semi-arid,Rice
Maharashtra,Nashik,Sandy,Kharif,1,20.5,Semi-arid,Groundnut
Karnataka,Mysore,Black,Rabi,0,8.3,Humid,Gram
Gujarat,Ahmedabad,Loamy,Zaid,0,9.4,Arid,Maize
Gujarat,Vadodara,Alluvial,Zaid,0,21.8,Semi-arid,Maize
Gujarat,Ahmedabad,Red,Rabi,1,17.9,Arid,Sunflower
Maharashtra,Nagpur,Clay,Kharif,0,14.3,Sub-humid,Rice
Maharashtra,Nagpur,Clay,Rabi,0,20.4,Sub-humid,Wheat
Gujarat,Rajkot,Sandy,Kharif,1,1.8,Semi-arid,Groundnut
Karnataka,Belgaum,Laterite,Zaid,1,3.4,Semi-arid,Groundnut
Gujarat,Vadodara,Black,Zaid,1,17.7,Semi-arid,Sunflower
Maharashtra,Ahmednagar,Alluvial,Rabi,1,13.7,Semi-arid,Onion
Karnataka,Belgaum,Black,Rabi,1,3.0,Semi-arid,Wheat
Gujarat,Junagadh,Red,Rabi,0,24.4,Arid,Sunflower
Karnataka,Mysore,Clay,Kharif,1,5.6,Humid,Rice
Karnataka,Bangalore Rural,Black,Zaid,1,11.3,Semi-arid,Sunflower
Karnataka,Hubli,Black,Rabi,0,11.0,Semi-arid,Gram
Gujarat,Vadodara,Laterite,Rabi,0,4.2,Semi-arid,Sunflower
Gujarat,Rajkot,Red,Kharif,0,5.6,Semi-arid,Tur
Gujarat,Junagadh,Alluvial,Kharif,1,12.8,Arid,Maize
Maharashtra,Nagpur,Loamy,Kharif,1,5.5,Sub-humid,Maize
Gujarat,Surat,Black,Kharif,0,16.1,Humid,Soybean
Maharashtra,Solapur,Red,Rabi,1,2.2,Arid,Sunflower
Gujarat,Ahmedabad,Laterite,Zaid,0,0.8,Arid,Groundnut
Karnataka,Belgaum,Clay,Zaid,1,13.6,Semi-arid,Sunflower
Karnataka,Hubli,Sandy,Zaid,1,3.5,Semi-arid,Groundnut
Karnataka,Gulbarga,Sandy,Zaid,1,5.5,Semi-arid,Groundnut
Maharashtra,Kolhapur,Black,Rabi,1,19.5,Humid,Wheat
Gujarat,Vadodara,Laterite,Rabi,1,9.8,Semi-arid,Wheat
Maharashtra,Nashik,Sandy,Zaid,0,22.2,Semi-arid,Groundnut
Karnataka,Hubli,Alluvial,Rabi,1,3.3,Semi-arid,Gram
Gujarat,Rajkot,Clay,Rabi,1,24.7,Semi-arid,Gram
Karnataka,Bangalore Rural,Loamy,Zaid,0,24.7,Semi-arid,Maize
Karnataka,Hubli,Laterite,Zaid,0,17.6,Semi-arid,Groundnut
Gujarat,Rajkot,Alluvial,Kharif,1,14.8,Semi-arid,Maize
Gujarat,Surat,Alluvial,Zaid,0,15.4,Humid,Onion
Karnataka,Belgaum,Alluvial,Zaid,0,24.1,Semi-arid,Onion
Karnataka,Gulbarga,Alluvial,Kharif,1,23.1,Semi-arid,Rice
Karnataka,Mysore,Alluvial,Zaid,1,1.4,Humid,Onion
Gujarat,Junagadh,Loamy,Rabi,0,21.0,Arid,Wheat
Maharashtra,Satara,Black,Zaid,1,0.7,Humid,Sunflower
Gujarat,Vadodara,Loamy,Kharif,1,3.4,Semi-arid,Sunflower
Gujarat,Vadodara,Sandy,Kharif,1,2.0,Semi-arid,Groundnut
Karnataka,Mysore,Sandy,Zaid,1,15.5,Humid,Groundnut
Gujarat,Vadodara,Black,Kharif,1,15.5,Semi-arid,Soybean
Maharashtra,Kolhapur,Red,Kharif,0,5.3,Humid,Tur
Karnataka,Gulbarga,Red,Rabi,1,5.0,Semi-arid,Sunflower
Maharashtra,Aurangabad,Clay,Kharif,1,8.8,Semi-arid,Rice
Gujarat,Rajkot,Clay,Rabi,1,4.7,Semi-arid,Gram
Gujarat,Surat,Alluvial,Kharif,0,22.2,Humid,Maize
Karnataka,Hubli,Sandy,Rabi,1,22.4,Semi-arid,Gram
Gujarat,Rajkot,Clay,Zaid,0,4.7,Semi-arid,Maize
Gujarat,Vadodara,Sandy,Rabi,1,16.1,Semi-arid,Sunflower
Gujarat,Surat,Black,Zaid,0,24.8,Humid,Sunflower
Maharashtra,Ahmednagar,Sandy,Zaid,0,1.4,Semi-arid,Groundnut
Gujarat,Rajkot,Red,Rabi,1,17.4,Semi-arid,Sunflower
Karnataka,Gulbarga,Loamy,Kharif,1,14.3,Semi-arid,Maize
Gujarat,Rajkot,Sandy,Zaid,0,18.1,Semi-arid,Groundnut
Maharashtra,Solapur,Sandy,Rabi,1,6.3,Arid,Sunflower
Gujarat,Ahmedabad,Sandy,Kharif,1,23.7,Arid,Groundnut
Gujarat,Surat,Sandy,Zaid,1,7.4,Humid,Groundnut
Maharashtra,Satara,Loamy,Zaid,1,24.8,Humid,Maize
Maharashtra,Aurangabad,Clay,Kharif,1,9.8,Semi-arid,Rice
Maharashtra,Aurangabad,Alluvial,Kharif,0,0.8,Semi-arid,Rice
Gujarat,Vadodara,Clay,Kharif,1,9.0,Semi-arid,Rice
Maharashtra,Nagpur,Clay,Zaid,1,13.3,Sub-humid,Onion
Karnataka,Belgaum,Alluvial,Kharif,1,6.1,Semi-arid,Rice
Karnataka,Belgaum,Sandy,Kharif,1,7.3,Semi-arid,Groundnut
Gujarat,Surat,Alluvial,Kharif,1,19.0,Humid,Maize
Gujarat,Vadodara,Black,Rabi,0,21.3,Semi-arid,Sunflower
Karnataka,Bangalore Rural,Clay,Rabi,1,16.7,Semi-arid,Gram
Maharashtra,Solapur,Red,Zaid,1,20.8,Arid,Maize
Karnataka,Hubli,Laterite,Zaid,0,19.4,Semi-arid,Groundnut
Karnataka,Bangalore Rural,Laterite,Kharif,0,8.9,Semi-arid,Groundnut
Gujarat,Ahmedabad,Sandy,Zaid,1,12.3,Arid,Groundnut
Gujarat,Surat,Sandy,Rabi,0,1.6,Humid,Gram
Maharashtra,Kolhapur,Clay,Rabi,0,15.0,Humid,Wheat
Gujarat,Vadodara,Alluvial,Zaid,1,5.7,Semi-arid,Maize
Maharashtra,Kolhapur,Clay,Zaid,1,21.6,Humid,Groundnut
Maharashtra,Aurangabad,Loamy,Zaid,1,13.1,Semi-arid,Sunflower
Karnataka,Mysore,Red,Kharif,1,24.4,Humid,Cotton
Karnataka,Gulbarga,Sandy,Zaid,1,9.5,Semi-arid,Groundnut
Maharashtra,Nashik,Black,Rabi,0,1.6,Semi-arid,Gram
Maharashtra,Solapur,Clay,Zaid,1,17.5,Arid,Sunflower
Maharashtra,Ahmednagar,Loamy,Rabi,1,6.5,Semi-arid,Wheat
Maharashtra,Nashik,Loamy,Rabi,1,22.1,Semi-arid,Wheat
Maharashtra,Kolhapur,Loamy,Rabi,1,10.6,Humid,Sunflower
Gujarat,Ahmedabad,Clay,Zaid,0,18.2,Arid,Groundnut
Gujarat,Vadodara,Loamy,Zaid,0,21.1,Semi-arid,Sunflower
Maharashtra,Ahmednagar,Clay,Rabi,1,4.1,Semi-arid,Wheat
Karnataka,Mysore,Loamy,Rabi,1,22.0,Humid,Sunflower
Maharashtra,Ahmednagar,Red,Rabi,1,5.0,Semi-arid,Sunflower
Maharashtra,Ahmednagar,Loamy,Rabi,1,17.2,Semi-arid,Sunflower
Karnataka,Mysore,Clay,Zaid,0,24.0,Humid,Groundnut
Karnataka,Bangalore Rural,Alluvial,Zaid,1,7.9,Semi-arid,Maize
Gujarat,Surat,Clay,Rabi,1,14.8,Humid,Gram
Karnataka,Gulbarga,Black,Kharif,1,6.8,Semi-arid,Sunflower
Gujarat,Rajkot,Sandy,Kharif,1,8.0,Semi-arid,Groundnut
Karnataka,Gulbarga,Black,Zaid,1,8.9,Semi-arid,Sunflower
Karnataka,Hubli,Black,Kharif,1,17.6,Semi-arid,Cotton
Gujarat,Surat,Alluvial,Rabi,1,3.1,Humid,Wheat
Maharashtra,Nashik,Black,Zaid,1,20.1,Semi-arid,Sunflower
Karnataka,Hubli,Clay,Rabi,1,8.8,Semi-arid,Wheat
Karnataka,Hubli,Laterite,Zaid,1,11.7,Semi-arid,Groundnut
Gujarat,Rajkot,Black,Rabi,1,21.9,Semi-arid,Sunflower
Karnataka,Gulbarga,Red,Kharif,1,7.2,Semi-arid,Groundnut
Karnataka,Mysore,Laterite,Rabi,0,9.2,Humid,Gram
Gujarat,Junagadh,Red,Rabi,1,13.7,Arid,Sunflower
Gujarat,Vadodara,Clay,Kharif,0,7.0,Semi-arid,Rice
Gujarat,Vadodara,Laterite,Kharif,0,23.9,Semi-arid,Tur
Gujarat,Surat,Black,Rabi,0,13.3,Humid,Gram
Maharashtra,Aurangabad,Black,Kharif,0,10.4,Semi-arid,Cotton
Gujarat,Vadodara,Sandy,Zaid,0,10.1,Semi-arid,Groundnut
Gujarat,Ahmedabad,Sandy,Rabi,1,19.6,Arid,Onion
Maharashtra,Pune,Red,Zaid,0,17.0,Semi-arid,Sunflower
Karnataka,Mysore,Alluvial,Zaid,1,15.0,Humid,Maize
Karnataka,Mysore,Laterite,Kharif,1,8.0,Humid,Groundnut
Karnataka,Bangalore Rural,Red,Rabi,0,7.8,Semi-arid,Sunflower
Karnataka,Hubli,Sandy,Zaid,1,10.6,Semi-arid,Groundnut
Karnataka,Mysore,Loamy,Rabi,0,14.3,Humid,Wheat
Gujarat,Ahmedabad,Laterite,Zaid,1,20.1,Arid,Groundnut
Maharashtra,Solapur,Sandy,Zaid,1,10.3,Arid,Groundnut
Gujarat,Surat,Sandy,Kharif,0,12.8,Humid,Groundnut
Maharashtra,Satara,Loamy,Kharif,0,5.7,Humid,Cotton
Maharashtra,Solapur,Sandy,Kharif,1,6.2,Arid,Groundnut
Maharashtra,Ahmednagar,Clay,Zaid,0,1.0,Semi-arid,Maize
Karnataka,Belgaum,Laterite,Zaid,0,5.4,Semi-arid,Groundnut
Gujarat,Surat,Clay,Kharif,0,5.4,Humid,Rice
Maharashtra,Ahmednagar,Red,Zaid,1,21.8,Semi-arid,Groundnut
Gujarat,Ahmedabad,Clay,Kharif,1,12.3,Arid,Rice
Karnataka,Bangalore Rural,Red,Rabi,1,0.7,Semi-arid,Sunflower
Maharashtra,Satara,Laterite,Kharif,1,18.0,Humid,Tur
Maharashtra,Nagpur,Clay,Rabi,1,3.3,Sub-humid,Wheat
Gujarat,Surat,Sandy,Zaid,1,3.4,Humid,Groundnut
Maharashtra,Pune,Sandy,Rabi,0,23.1,Semi-arid,Gram
Karnataka,Bangalore Rural,Sandy,Kharif,0,11.7,Semi-arid,Groundnut
Gujarat,Junagadh,Black,Rabi,1,8.8,Arid,Sunflower
Karnataka,Hubli,Clay,Kharif,1,9.2,Semi-arid,Rice
Gujarat,Ahmedabad,Loamy,Rabi,0,23.0,Arid,Gram
Maharashtra,Nashik,Loamy,Kharif,1,1.4,Semi-arid,Cotton
Maharashtra,Ahmednagar,Sandy,Rabi,0,22.3,Semi-arid,Wheat
Karnataka,Bangalore Rural,Clay,Rabi,1,19.3,Semi-arid,Wheat
Maharashtra,Kolhapur,Sandy,Rabi,1,8.6,Humid,Gram
Maharashtra,Nagpur,Black,Zaid,1,5.6,Sub-humid,Sunflower
Karnataka,Bangalore Rural,Red,Rabi,1,5.5,Semi-arid,Sunflower
Gujarat,Junagadh,Clay,Zaid,1,13.9,Arid,Onion
Maharashtra,Solapur,Alluvial,Kharif,0,14.2,Arid,Rice
Gujarat,Vadodara,Alluvial,Kharif,1,19.1,Semi-arid,Rice
Gujarat,Surat,Laterite,Rabi,1,6.7,Humid,Gram
Maharashtra,Solapur,Sandy,Rabi,1,5.9,Arid,Gram
Gujarat,Ahmedabad,Black,Kharif,0,15.3,Arid,Jowar
Karnataka,Bangalore Rural,Loamy,Kharif,0,20.8,Semi-arid,Sunflower
Maharashtra,Pune,Clay,Zaid,1,4.9,Semi-arid,Onion
Karnataka,Bangalore Rural,Black,Zaid,1,16.3,Semi-arid,Sunflower
Maharashtra,Pune,Sandy,Kharif,1,18.3,Semi-arid,Groundnut
Maharashtra,Aurangabad,Clay,Kharif,1,21.8,Semi-arid,Rice
Karnataka,Mysore,Alluvial,Kharif,1,5.1,Humid,Rice
Maharashtra,Ahmednagar,Red,Kharif,1,19.3,Semi-arid,Sunflower
Gujarat,Vadodara,Sandy,Zaid,0,12.1,Semi-arid,Groundnut
Gujarat,Rajkot,Loamy,Rabi,1,0.9,Semi-arid,Sunflower
Maharashtra,Kolhapur,Laterite,Rabi,0,19.0,Humid,Onion
Maharashtra,Pune,Black,Kharif,1,12.8,Semi-arid,Cotton
Karnataka,Hubli,Clay,Zaid,1,8.9,Semi-arid,Groundnut
Maharashtra,Pune,Loamy,Kharif,1,9.9,Semi-arid,Maize
Karnataka,Hubli,Laterite,Rabi,1,14.5,Semi-arid,Onion
Gujarat,Rajkot,Clay,Rabi,1,12.5,Semi-arid,Gram
Gujarat,Vadodara,Sandy,Zaid,1,11.9,Semi-arid,Groundnut
Maharashtra,Aurangabad,Red,Zaid,0,22.1,Semi-arid,Groundnut
Gujarat,Vadodara,Black,Rabi,1,2.2,Semi-arid,Gram
Karnataka,Hubli,Clay,Kharif,0,16.9,Semi-arid,Rice
Maharashtra,Pune,Clay,Kharif,1,1.4,Semi-arid,Rice
Karnataka,Belgaum,Laterite,Rabi,0,5.6,Semi-arid,Onion
Gujarat,Ahmedabad,Clay,Rabi,0,9.4,Arid,Wheat
Karnataka,Gulbarga,Loamy,Zaid,1,20.6,Semi-arid,Sunflower
Gujarat,Ahmedabad,Clay,Kharif,1,17.4,Arid,Rice
Karnataka,Hubli,Red,Zaid,1,15.1,Semi-arid,Maize
Maharashtra,Nashik,Alluvial,Kharif,1,6.6,Semi-arid,Rice
Maharashtra,Kolhapur,Clay,Kharif,1,13.5,Humid,Rice
Karnataka,Gulbarga,Red,Zaid,1,1.7,Semi-arid,Groundnut
Karnataka,Belgaum,Clay,Zaid,1,3.2,Semi-arid,Sunflower
Gujarat,Surat,Loamy,Rabi,1,7.6,Humid,Gram
Maharashtra,Kolhapur,Laterite,Zaid,1,7.3,Humid,Groundnut
Gujarat,Junagadh,Red,Zaid,0,1.6,Arid,Groundnut
Karnataka,Mysore,Clay,Zaid,1,9.8,Humid,Onion
Maharashtra,Nagpur,Loamy,Rabi,1,0.7,Sub-humid,Sunflower
Gujarat,Junagadh,Alluvial,Kharif,1,24.9,Arid,Maize
Maharashtra,Pune,Laterite,Kharif,0,7.6,Semi-arid,Tur
Karnataka,Gulbarga,Clay,Rabi,1,6.4,Semi-arid,Gram
Maharashtra,Nagpur,Clay,Kharif,0,24.0,Sub-humid,Rice
Karnataka,Gulbarga,Alluvial,Zaid,1,15.7,Semi-arid,Onion
Gujarat,Vadodara,Red,Zaid,1,14.7,Semi-arid,Maize
Maharashtra,Kolhapur,Sandy,Zaid,1,12.1,Humid,Groundnut
Karnataka,Gulbarga,Laterite,Kharif,1,20.1,Semi-arid,Groundnut
Gujarat,Junagadh,Loamy,Kharif,0,16.2,Arid,Soybean
Gujarat,Rajkot,Red,Kharif,1,3.6,Semi-arid,Sunflower
Maharashtra,Nashik,Loamy,Kharif,1,5.0,Semi-arid,Sunflower
Karnataka,Mysore,Clay,Rabi,1,23.9,Humid,Wheat
Karnataka,Belgaum,Clay,Kharif,1,16.4,Semi-arid,Rice
Karnataka,Gulbarga,Red,Rabi,0,23.0,Semi-arid,Sunflower
Karnataka,Gulbarga,Clay,Kharif,1,12.3,Semi-arid,Rice
Maharashtra,Kolhapur,Clay,Rabi,1,17.4,Humid,Gram
Maharashtra,Nagpur,Clay,Kharif,1,10.1,Sub-humid,Rice
Maharashtra,Pune,Black,Kharif,1,2.4,Semi-arid,Soybean
Karnataka,Hubli,Red,Rabi,1,13.8,Semi-arid,Sunflower
Karnataka,Mysore,Red,Kharif,1,18.6,Humid,Cotton
Karnataka,Mysore,Black,Zaid,1,9.6,Humid,Sunflower
Gujarat,Surat,Black,Rabi,1,13.9,Humid,Gram
Karnataka,Hubli,Black,Kharif,1,22.9,Semi-arid,Sunflower
Karnataka,Belgaum,Alluvial,Kharif,1,9.2,Semi-arid,Maize
Karnataka,Mysore,Loamy,Zaid,1,24.7,Humid,Maize
Gujarat,Surat,Alluvial,Zaid,1,0.8,Humid,Maize
Maharashtra,Nashik,Laterite,Rabi,0,15.1,Semi-arid,Wheat
Karnataka,Belgaum,Clay,Zaid,0,1.7,Semi-arid,Groundnut
Karnataka,Belgaum,Alluvial,Rabi,1,18.3,Semi-arid,Gram
Gujarat,Ahmedabad,Sandy,Zaid,1,17.1,Arid,Groundnut
Gujarat,Ahmedabad,Black,Rabi,1,23.2,Arid,Sunflower
Gujarat,Ahmedabad,Black,Kharif,0,14.8,Arid,Jowar
Maharashtra,Aurangabad,Sandy,Rabi,1,22.5,Semi-arid,Sunflower
Maharashtra,Kolhapur,Red,Rabi,0,11.0,Humid,Sunflower
Maharashtra,Kolhapur,Alluvial,Rabi,1,3.4,Humid,Onion
Karnataka,Hubli,Loamy,Zaid,1,11.2,Semi-arid,Sunflower
Gujarat,Rajkot,Clay,Zaid,1,1.7,Semi-arid,Sunflower
Karnataka,Mysore,Alluvial,Zaid,1,10.3,Humid,Maize
Karnataka,Mysore,Black,Rabi,1,2.7,Humid,Gram
Gujarat,Vadodara,Laterite,Rabi,1,15.6,Semi-arid,Wheat
Gujarat,Junagadh,Black,Kharif,1,2.0,Arid,Jowar
Gujarat,Ahmedabad,Clay,Rabi,1,13.1,Arid,Wheat
Gujarat,Ahmedabad,Red,Rabi,0,23.8,Arid,Sunflower
Gujarat,Surat,Black,Rabi,1,5.3,Humid,Gram
Maharashtra,Solapur,Black,Zaid,1,13.9,Arid,Sunflower
Maharashtra,Solapur,Loamy,Zaid,0,18.9,Arid,Sunflower
Gujarat,Surat,Black,Kharif,0,19.9,Humid,Soybean
Karnataka,Bangalore Rural,Loamy,Rabi,1,2.5,Semi-arid,Wheat
Gujarat,Junagadh,Black,Rabi,1,10.0,Arid,Sunflower
Karnataka,Hubli,Red,Zaid,0,2.4,Semi-arid,Groundnut
Gujarat,Rajkot,Black,Kharif,1,14.0,Semi-arid,Sunflower
Gujarat,Junagadh,Loamy,Zaid,1,15.7,Arid,Maize
Gujarat,Ahmedabad,Loamy,Kharif,1,14.9,Arid,Soybean
Maharashtra,Kolhapur,Red,Kharif,1,19.8,Humid,Tur
Maharashtra,Ahmednagar,Black,Zaid,0,11.9,Semi-arid,Sunflower
Karnataka,Belgaum,Loamy,Kharif,1,0.7,Semi-arid,Soybean
Gujarat,Junagadh,Red,Rabi,1,3.7,Arid,Sunflower
Gujarat,Rajkot,Laterite,Rabi,0,23.3,Semi-arid,Wheat
Maharashtra,Aurangabad,Red,Rabi,1,13.9,Semi-arid,Sunflower
Karnataka,Hubli,Clay,Kharif,1,12.5,Semi-arid,Rice
Maharashtra,Kolhapur,Black,Kharif,0,19.0,Humid,Sunflower
Karnataka,Gulbarga,Black,Zaid,0,11.0,Semi-arid,Sunflower
Gujarat,Junagadh,Black,Kharif,0,22.7,Arid,Soybean
Karnataka,Hubli,Sandy,Zaid,1,7.0,Semi-arid,Groundnut
Gujarat,Ahmedabad,Loamy,Zaid,0,18.5,Arid,Maize
Maharashtra,Aurangabad,Alluvial,Kharif,1,14.6,Semi-arid,Maize
Maharashtra,Nagpur,Clay,Zaid,1,22.8,Sub-humid,Maize
Karnataka,Belgaum,Sandy,Rabi,0,12.8,Semi-arid,Gram
Maharashtra,Nashik,Loamy,Zaid,1,9.8,Semi-arid,Maize
Maharashtra,Nashik,Alluvial,Zaid,1,21.2,Semi-arid,Onion
Karnataka,Hubli,Clay,Zaid,0,15.1,Semi-arid,Onion
Karnataka,Hubli,Loamy,Kharif,1,14.0,Semi-arid,Sunflower
Maharashtra,Nashik,Clay,Kharif,0,24.5,Semi-arid,Rice
Gujarat,Junagadh,Loamy,Rabi,1,13.5,Arid,Sunflower
Karnataka,Hubli,Alluvial,Kharif,0,12.1,Semi-arid,Rice
Karnataka,Gulbarga,Alluvial,Rabi,1,11.0,Semi-arid,Onion
Maharashtra,Aurangabad,Sandy,Kharif,1,1.1,Semi-arid,Groundnut
Karnataka,Mysore,Red,Kharif,0,11.8,Humid,Sunflower
Maharashtra,Nagpur,Red,Zaid,1,23.5,Sub-humid,Sunflower
Karnataka,Mysore,Sandy,Kharif,1,6.3,Humid,Groundnut
Gujarat,Rajkot,Red,Rabi,1,10.2,Semi-arid,Sunflower
Maharashtra,Pune,Clay,Kharif,1,15.1,Semi-arid,Rice
Maharashtra,Solapur,Laterite,Zaid,1,1.3,Arid,Groundnut
Gujarat,Surat,Alluvial,Zaid,1,16.4,Humid,Onion
Maharashtra,Solapur,Loamy,Zaid,1,7.3,Arid,Sunflower
Gujarat,Rajkot,Loamy,Zaid,0,19.2,Semi-arid,Sunflower
Gujarat,Rajkot,Black,Zaid,1,19.7,Semi-arid,Sunflower
Karnataka,Hubli,Alluvial,Zaid,1,3.5,Semi-arid,Onion
Maharashtra,Kolhapur,Alluvial,Zaid,1,10.5,Humid,Maize
Karnataka,Hubli,Alluvial,Kharif,0,3.2,Semi-arid,Maize
Maharashtra,Nagpur,Black,Zaid,1,21.4,Sub-humid,Sunflower
Maharashtra,Pune,Red,Rabi,0,10.3,Semi-arid,Sunflower
Maharashtra,Ahmednagar,Black,Rabi,0,1.7,Semi-arid,Gram
Maharashtra,Aurangabad,Loamy,Rabi,1,19.1,Semi-arid,Wheat
Gujarat,Rajkot,Red,Kharif,1,14.5,Semi-arid,Cotton
Gujarat,Surat,Sandy,Zaid,1,18.0,Humid,Groundnut
Gujarat,Junagadh,Alluvial,Kharif,0,10.9,Arid,Maize
Maharashtra,Pune,Laterite,Zaid,1,9.9,Semi-arid,Groundnut
Gujarat,Vadodara,Black,Zaid,1,0.9,Semi-arid,Sunflower
Karnataka,Hubli,Black,Rabi,0,11.5,Semi-arid,Gram
Maharashtra,Kolhapur,Laterite,Rabi,1,2.9,Humid,Sunflower
Gujarat,Ahmedabad,Alluvial,Rabi,1,14.3,Arid,Wheat
Maharashtra,Nashik,Red,Rabi,0,10.1,Semi-arid,Sunflower
Maharashtra,Ahmednagar,Alluvial,Rabi,1,22.0,Semi-arid,Onion
Maharashtra,Nagpur,Red,Zaid,1,5.9,Sub-humid,Maize
Karnataka,Mysore,Black,Kharif,1,15.7,Humid,Jowar
Karnataka,Mysore,Red,Zaid,1,4.0,Humid,Sunflower
Maharashtra,Satara,Alluvial,Kharif,1,15.4,Humid,Rice
Maharashtra,Pune,Clay,Zaid,0,23.4,Semi-arid,Groundnut
Gujarat,Ahmedabad,Red,Rabi,0,3.7,Arid,Sunflower
Karnataka,Bangalore Rural,Sandy,Zaid,1,4.7,Semi-arid,Groundnut
Maharashtra,Kolhapur,Loamy,Kharif,0,16.0,Humid,Cotton
Gujarat,Junagadh,Loamy,Zaid,1,5.8,Arid,Maize
Maharashtra,Ahmednagar,Black,Zaid,1,1.3,Semi-arid,Sunflower
Karnataka,Gulbarga,Clay,Kharif,1,4.4,Semi-arid,Rice
Karnataka,Mysore,Red,Kharif,1,24.9,Humid,Maize
Maharashtra,Nashik,Alluvial,Rabi,1,20.0,Semi-arid,Gram
Karnataka,Bangalore Rural,Laterite,Rabi,0,21.9,Semi-arid,Gram
Karnataka,Bangalore Rural,Clay,Zaid,0,8.5,Semi-arid,Maize
Karnataka,Belgaum,Sandy,Kharif,0,20.0,Semi-arid,Groundnut
Maharashtra,Aurangabad,Laterite,Kharif,1,12.6,Semi-arid,Groundnut
Gujarat,Ahmedabad,Sandy,Kharif,1,12.8,Arid,Groundnut
Maharashtra,Kolhapur,Sandy,Kharif,1,17.2,Humid,Groundnut
Maharashtra,Aurangabad,Laterite,Rabi,1,7.0,Semi-arid,Sunflower
Karnataka,Gulbarga,Sandy,Kharif,1,6.6,Semi-arid,Groundnut
Karnataka,Bangalore Rural,Loamy,Kharif,0,3.1,Semi-arid,Soybean
Gujarat,Junagadh,Loamy,Zaid,1,15.7,Arid,Sunflower
Maharashtra,Kolhapur,Alluvial,Rabi,1,7.8,Humid,Gram
Maharashtra,Nashik,Alluvial,Zaid,0,1.7,Semi-arid,Maize
Karnataka,Hubli,Alluvial,Kharif,1,1.3,Semi-arid,Maize
Maharashtra,Pune,Red,Zaid,0,17.4,Semi-arid,Groundnut
Gujarat,Surat,Clay,Rabi,1,6.3,Humid,Wheat
Maharashtra,Satara,Sandy,Zaid,1,3.9,Humid,Groundnut
Maharashtra,Aurangabad,Red,Rabi,0,12.4,Semi-arid,Sunflower
Maharashtra,Nashik,Sandy,Zaid,1,5.2,Semi-arid,Groundnut
Maharashtra,Nagpur,Loamy,Kharif,1,9.8,Sub-humid,Sunflower
Karnataka,Bangalore Rural,Red,Rabi,1,17.7,Semi-arid,Sunflower
Karnataka,Gulbarga,Laterite,Rabi,1,4.4,Semi-arid,Onion
Maharashtra,Ahmednagar,Black,Kharif,1,13.4,Semi-arid,Sunflower
Gujarat,Junagadh,Clay,Kharif,1,15.4,Arid,Rice
Karnataka,Bangalore Rural,Red,Rabi,1,14.5,Semi-arid,Sunflower
Maharashtra,Ahmednagar,Alluvial,Kharif,0,6.0,Semi-arid,Rice
Maharashtra,Solapur,Loamy,Kharif,1,2.5,Arid,Soybean
Karnataka,Bangalore Rural,Clay,Kharif,1,17.0,Semi-arid,Rice
Karnataka,Belgaum,Black,Kharif,0,15.7,Semi-arid,Cotton
Karnataka,Hubli,Red,Rabi,0,12.9,Semi-arid,Sunflower
Karnataka,Mysore,Alluvial,Kharif,1,24.0,Humid,Maize
Maharashtra,Nashik,Laterite,Zaid,1,8.1,Semi-arid,Groundnut
Gujarat,Ahmedabad,Sandy,Zaid,1,18.5,Arid,Groundnut
Gujarat,Rajkot,Alluvial,Zaid,1,18.4,Semi-arid,Onion
Karnataka,Belgaum,Red,Kharif,1,18.3,Semi-arid,Cotton
Maharashtra,Aurangabad,Red,Rabi,1,9.4,Semi-arid,Sunflower
Karnataka,Hubli,Red,Rabi,1,17.4,Semi-arid,Sunflower
Karnataka,Bangalore Rural,Clay,Zaid,1,14.5,Semi-arid,Onion
Karnataka,Mysore,Laterite,Kharif,1,7.0,Humid,Groundnut
Gujarat,Junagadh,Red,Kharif,1,4.0,Arid,Tur
Maharashtra,Solapur,Loamy,Kharif,1,12.3,Arid,Sunflower
Karnataka,Bangalore Rural,Red,Zaid,1,17.4,Semi-arid,Maize
Gujarat,Rajkot,Black,Kharif,1,4.2,Semi-arid,Soybean
Gujarat,Vadodara,Sandy,Zaid,1,14.5,Semi-arid,Groundnut
Maharashtra,Ahmednagar,Clay,Rabi,0,1.6,Semi-arid,Gram
Karnataka,Mysore,Laterite,Kharif,1,9.8,Humid,Tur
Maharashtra,Ahmednagar,Black,Kharif,1,6.3,Semi-arid,Sunflower
Gujarat,Vadodara,Laterite,Kharif,1,22.8,Semi-arid,Groundnut
Karnataka,Mysore,Black,Kharif,1,5.5,Humid,Sunflower
Karnataka,Hubli,Black,Rabi,0,10.6,Semi-arid,Gram
Gujarat,Surat,Loamy,Rabi,0,24.5,Humid,Sunflower
Gujarat,Surat,Black,Rabi,1,14.4,Humid,Sunflower
Gujarat,Rajkot,Alluvial,Zaid,1,11.1,Semi-arid,Onion
Maharashtra,Satara,Laterite,Zaid,1,10.0,Humid,Groundnut
Maharashtra,Aurangabad,Red,Kharif,0,11.3,Semi-arid,Jowar
Maharashtra,Kolhapur,Sandy,Kharif,1,20.7,Humid,Groundnut
Gujarat,Vadodara,Laterite,Rabi,1,4.9,Semi-arid,Gram
Karnataka,Bangalore Rural,Clay,Rabi,0,17.3,Semi-arid,Gram
Karnataka,Hubli,Loamy,Kharif,1,14.2,Semi-arid,Maize
Maharashtra,Aurangabad,Black,Rabi,1,17.9,Semi-arid,Sunflower
Maharashtra,Satara,Alluvial,Zaid,0,19.4,Humid,Maize
Karnataka,Bangalore Rural,Black,Zaid,1,23.4,Semi-arid,Sunflower
Karnataka,Belgaum,Black,Kharif,1,6.5,Semi-arid,Jowar
Karnataka,Bangalore Rural,Laterite,Rabi,0,20.2,Semi-arid,Wheat
Karnataka,Belgaum,Black,Kharif,1,1.6,Semi-arid,Jowar
Karnataka,Hubli,Alluvial,Rabi,1,20.7,Semi-arid,Gram
Gujarat,Vadodara,Black,Rabi,1,18.0,Semi-arid,Gram
Gujarat,Surat,Laterite,Rabi,0,24.1,Humid,Wheat
Maharashtra,Kolhapur,Black,Kharif,0,24.6,Humid,Sunflower
Gujarat,Ahmedabad,Alluvial,Kharif,1,15.2,Arid,Maize
Maharashtra,Nashik,Black,Kharif,1,17.5,Semi-arid,Cotton
Maharashtra,Solapur,Alluvial,Kharif,0,11.3,Arid,Rice
Gujarat,Ahmedabad,Loamy,Rabi,0,23.9,Arid,Gram
Maharashtra,Nashik,Red,Rabi,1,14.4,Semi-arid,Sunflower
Gujarat,Surat,Red,Kharif,1,4.8,Humid,Jowar
Gujarat,Vadodara,Alluvial,Kharif,1,14.9,Semi-arid,Rice
Karnataka,Belgaum,Red,Rabi,0,17.8,Semi-arid,Sunflower
Karnataka,Hubli,Loamy,Kharif,0,6.2,Semi-arid,Soybean
Karnataka,Belgaum,Alluvial,Zaid,1,8.2,Semi-arid,Onion
Maharashtra,Nagpur,Loamy,Zaid,1,22.1,Sub-humid,Maize
Karnataka,Hubli,Sandy,Kharif,1,22.9,Semi-arid,Groundnut
Maharashtra,Solapur,Clay,Rabi,1,11.0,Arid,Wheat
Karnataka,Mysore,Laterite,Rabi,0,24.0,Humid,Wheat
Karnataka,Gulbarga,Loamy,Rabi,1,0.7,Semi-arid,Wheat
Karnataka,Belgaum,Red,Zaid,1,18.8,Semi-arid,Sunflower
Maharashtra,Ahmednagar,Clay,Rabi,1,13.8,Semi-arid,Gram
Karnataka,Mysore,Black,Zaid,0,18.8,Humid,Sunflower
Maharashtra,Ahmednagar,Red,Kharif,1,14.3,Semi-arid,Cotton
Karnataka,Belgaum,Clay,Kharif,0,11.1,Semi-arid,Rice
Karnataka,Bangalore Rural,Red,Zaid,1,2.9,Semi-arid,Sunflower
Maharashtra,Satara,Laterite,Kharif,1,0.9,Humid,Groundnut
Maharashtra,Aurangabad,Red,Rabi,1,0.6,Semi-arid,Sunflower
Gujarat,Surat,Black,Rabi,1,9.9,Humid,Sunflower
Gujarat,Junagadh,Black,Kharif,1,11.0,Arid,Cotton
Karnataka,Gulbarga,Alluvial,Rabi,0,14.1,Semi-arid,Gram
Gujarat,Ahmedabad,Red,Zaid,1,3.9,Arid,Sunflower
Karnataka,Belgaum,Sandy,Kharif,1,24.2,Semi-arid,Groundnut
Gujarat,Surat,Clay,Rabi,0,11.0,Humid,Gram
Gujarat,Rajkot,Sandy,Rabi,1,15.0,Semi-arid,Sunflower
Gujarat,Junagadh,Red,Rabi,1,9.6,Arid,Sunflower
Karnataka,Belgaum,Loamy,Zaid,0,10.4,Semi-arid,Sunflower
Gujarat,Ahmedabad,Black,Rabi,1,22.4,Arid,Sunflower
Maharashtra,Aurangabad,Sandy,Zaid,0,10.5,Semi-arid,Groundnut
Karnataka,Belgaum,Sandy,Kharif,1,16.7,Semi-arid,Groundnut
Gujarat,Vadodara,Clay,Zaid,1,10.2,Semi-arid,Maize
Karnataka,Hubli,Black,Kharif,1,23.5,Semi-arid,Jowar
Karnataka,Bangalore Rural,Laterite,Zaid,1,21.2,Semi-arid,Groundnut
Gujarat,Vadodara,Sandy,Zaid,1,23.1,Semi-arid,Groundnut
Karnataka,Bangalore Rural,Clay,Zaid,1,19.7,Semi-arid,Sunflower
Karnataka,Bangalore Rural,Clay,Zaid,1,12.3,Semi-arid,Groundnut
Gujarat,Vadodara,Loamy,Zaid,1,9.8,Semi-arid,Sunflower
Gujarat,Rajkot,Black,Rabi,0,12.4,Semi-arid,Wheat
Gujarat,Rajkot,Laterite,Kharif,1,9.8,Semi-arid,Tur
Karnataka,Bangalore Rural,Alluvial,Zaid,1,15.6,Semi-arid,Onion
Gujarat,Ahmedabad,Black,Rabi,1,8.8,Arid,Sunflower
Karnataka,Hubli,Loamy,Rabi,1,20.1,Semi-arid,Gram
Maharashtra,Kolhapur,Laterite,Zaid,1,9.1,Humid,Groundnut
Gujarat,Vadodara,Black,Rabi,1,15.8,Semi-arid,Gram
Gujarat,Ahmedabad,Red,Kharif,1,19.8,Arid,Groundnut
Gujarat,Vadodara,Laterite,Zaid,1,11.3,Semi-arid,Groundnut
Gujarat,Rajkot,Red,Zaid,1,16.0,Semi-arid,Sunflower
Karnataka,Belgaum,Alluvial,Rabi,1,24.4,Semi-arid,Onion
Gujarat,Vadodara,Clay,Kharif,1,19.1,Semi-arid,Rice
Karnataka,Bangalore Rural,Clay,Kharif,0,13.4,Semi-arid,Rice
Karnataka,Belgaum,Alluvial,Kharif,1,23.0,Semi-arid,Rice
Karnataka,Belgaum,Alluvial,Rabi,1,5.2,Semi-arid,Wheat
Karnataka,Mysore,Loamy,Rabi,1,18.6,Humid,Wheat
Karnataka,Mysore,Clay,Rabi,0,18.5,Humid,Wheat
Karnataka,Belgaum,Loamy,Kharif,0,18.4,Semi-arid,Soybean
Maharashtra,Satara,Alluvial,Rabi,0,0.7,Humid,Gram
Maharashtra,Pune,Red,Zaid,1,11.2,Semi-arid,Sunflower
Gujarat,Ahmedabad,Sandy,Zaid,0,24.6,Arid,Groundnut
Gujarat,Vadodara,Alluvial,Kharif,1,16.2,Semi-arid,Rice
Gujarat,Rajkot,Alluvial,Rabi,1,15.2,Semi-arid,Wheat
Gujarat,Surat,Loamy,Rabi,1,10.6,Humid,Gram
Gujarat,Surat,Laterite,Kharif,1,17.6,Humid,Tur
Maharashtra,Ahmednagar,Sandy,Kharif,1,4.2,Semi-arid,Groundnut
Karnataka,Belgaum,Black,Kharif,0,7.7,Semi-arid,Sunflower
Karnataka,Belgaum,Clay,Zaid,1,23.9,Semi-arid,Maize
Karnataka,Belgaum,Black,Rabi,0,21.6,Semi-arid,Wheat
Gujarat,Vadodara,Sandy,Rabi,1,12.7,Semi-arid,Wheat
Maharashtra,Kolhapur,Black,Zaid,0,14.5,Humid,Sunflower
Maharashtra,Nashik,Red,Zaid,1,0.6,Semi-arid,Groundnut
Gujarat,Rajkot,Alluvial,Rabi,0,15.7,Semi-arid,Wheat
Karnataka,Mysore,Red,Rabi,0,12.0,Humid,Sunflower
Gujarat,Ahmedabad,Red,Rabi,0,13.1,Arid,Sunflower
Gujarat,Surat,Red,Rabi,1,20.8,Humid,Sunflower
Gujarat,Surat,Laterite,Kharif,1,13.2,Humid,Tur
Gujarat,Ahmedabad,Red,Rabi,1,19.7,Arid,Sunflower
Gujarat,Ahmedabad,Red,Zaid,1,2.5,Arid,Sunflower
Maharashtra,Aurangabad,Sandy,Kharif,0,2.4,Semi-arid,Groundnut
Karnataka,Hubli,Clay,Kharif,0,20.1,Semi-arid,Rice
Karnataka,Mysore,Black,Rabi,1,7.0,Humid,Gram
Gujarat,Vadodara,Red,Zaid,1,19.2,Semi-arid,Sunflower
Maharashtra,Satara,Clay,Rabi,1,19.8,Humid,Wheat
Maharashtra,Nagpur,Sandy,Kharif,1,21.5,Sub-humid,Groundnut
Maharashtra,Kolhapur,Sandy,Rabi,0,13.7,Humid,Gram
Gujarat,Junagadh,Alluvial,Zaid,1,21.0,Arid,Maize
Karnataka,Bangalore Rural,Sandy,Kharif,0,20.3,Semi-arid,Groundnut
Gujarat,Rajkot,Alluvial,Rabi,1,4.3,Semi-arid,Gram
Karnataka,Gulbarga,Alluvial,Kharif,1,18.8,Semi-arid,Rice
Maharashtra,Pune,Clay,Zaid,0,8.4,Semi-arid,Onion
Karnataka,Belgaum,Sandy,Rabi,1,5.5,Semi-arid,Onion
Maharashtra,Nashik,Laterite,Rabi,0,3.7,Semi-arid,Sunflower
Karnataka,Bangalore Rural,Black,Zaid,1,17.7,Semi-arid,Sunflower
Karnataka,Bangalore Rural,Clay,Rabi,1,4.5,Semi-arid,Wheat
